{
  "type": "FeatureCollection",
  "features": [
    {
      "type": "Feature",
      "id": "achare_polygon.27",
      "geometry": {
        "type": "Polygon",
        "coordinates": [
          [
            [
              6.95353567,
              43.5064903
            ],
            [
              6.95351483,
              43.50647278
            ],
            [
              6.95351636,
              43.50645831
            ],
            [
              6.9535213,
              43.50643277
            ],
            [
              6.95350791,
              43.50638169
            ],
            [
              6.95345761,
              43.50637283
            ],
            [
              6.95339796,
              43.50637478
            ],
            [
              6.95337263,
              43.50634247
            ],
            [
              6.95335942,
              43.50624832
            ],
            [
              6.95332987,
              43.50623001
            ],
            [
              6.95325917,
              43.5062233
            ],
            [
              6.95322108,
              43.50619053
            ],
            [
              6.95318353,
              43.50620258
            ],
            [
              6.95310214,
              43.50620649
            ],
            [
              6.95302821,
              43.50625549
            ],
            [
              6.95301617,
              43.50630689
            ],
            [
              6.95298806,
              43.50634853
            ],
            [
              6.95293766,
              43.50635302
            ],
            [
              6.95288134,
              43.50636351
            ],
            [
              6.95282609,
              43.50635582
            ],
            [
              6.95277722,
              43.5063237
            ],
            [
              6.95274192,
              43.50629008
            ],
            [
              6.95271901,
              43.5062463
            ],
            [
              6.95267778,
              43.50622597
            ],
            [
              6.95260106,
              43.50622832
            ],
            [
              6.95253629,
              43.50623972
            ],
            [
              6.95243622,
              43.50621072
            ],
            [
              6.95237271,
              43.50625158
            ],
            [
              6.95236858,
              43.506288
            ],
            [
              6.95235546,
              43.50633921
            ],
            [
              6.9523322,
              43.506403
            ],
            [
              6.95229582,
              43.5064314
            ],
            [
              6.95226752,
              43.50643421
            ],
            [
              6.95224713,
              43.50640352
            ],
            [
              6.95220634,
              43.50631693
            ],
            [
              6.9521785,
              43.50627438
            ],
            [
              6.95214804,
              43.50626467
            ],
            [
              6.95210663,
              43.50631328
            ],
            [
              6.95209226,
              43.50629927
            ],
            [
              6.9520945,
              43.50625998
            ],
            [
              6.95209136,
              43.50621359
            ],
            [
              6.95206594,
              43.50617952
            ],
            [
              6.95198464,
              43.50615593
            ],
            [
              6.95194978,
              43.50610772
            ],
            [
              6.95189723,
              43.50609032
            ],
            [
              6.95184136,
              43.5060754
            ],
            [
              6.95177533,
              43.50607768
            ],
            [
              6.95169691,
              43.5060681
            ],
            [
              6.95163978,
              43.50606308
            ],
            [
              6.95157582,
              43.50605931
            ],
            [
              6.95150099,
              43.50605579
            ],
            [
              6.95144547,
              43.50605442
            ],
            [
              6.95135456,
              43.50605429
            ],
            [
              6.95130129,
              43.50605657
            ],
            [
              6.95125709,
              43.50605931
            ],
            [
              6.95122269,
              43.50606211
            ],
            [
              6.95118298,
              43.50606791
            ],
            [
              6.95116439,
              43.50608289
            ],
            [
              6.95115558,
              43.50609749
            ],
            [
              6.95114696,
              43.50611671
            ],
            [
              6.95113322,
              43.50614883
            ],
            [
              6.95111633,
              43.50617111
            ],
            [
              6.95110258,
              43.50617919
            ],
            [
              6.95108722,
              43.50618212
            ],
            [
              6.95107357,
              43.50617952
            ],
            [
              6.95106414,
              43.5061715
            ],
            [
              6.95105857,
              43.50615788
            ],
            [
              6.95105722,
              43.50613892
            ],
            [
              6.9510583,
              43.50611651
            ],
            [
              6.95105749,
              43.50609703
            ],
            [
              6.95105542,
              43.50608478
            ],
            [
              6.95104931,
              43.50606771
            ],
            [
              6.95102533,
              43.506041
            ],
            [
              6.95101617,
              43.50603337
            ],
            [
              6.95100646,
              43.5060264
            ],
            [
              6.95099218,
              43.5060206
            ],
            [
              6.95096658,
              43.50601702
            ],
            [
              6.95094969,
              43.50601637
            ],
            [
              6.9509001,
              43.50601617
            ],
            [
              6.95087001,
              43.50601721
            ],
            [
              6.9508348,
              43.50601891
            ],
            [
              6.95078916,
              43.50602132
            ],
            [
              6.95058003,
              43.50603181
            ],
            [
              6.95046828,
              43.50604197
            ],
            [
              6.95039956,
              43.50605162
            ],
            [
              6.95027092,
              43.50607488
            ],
            [
              6.95022628,
              43.50608452
            ],
            [
              6.95016582,
              43.50609879
            ],
            [
              6.95007931,
              43.50612218
            ],
            [
              6.95003026,
              43.5061371
            ],
            [
              6.94995678,
              43.50616049
            ],
            [
              6.94989453,
              43.50618088
            ],
            [
              6.94981314,
              43.50621092
            ],
            [
              6.94975134,
              43.5062375
            ],
            [
              6.9497093,
              43.50626057
            ],
            [
              6.94968702,
              43.50628031
            ],
            [
              6.9496677,
              43.50630839
            ],
            [
              6.94965719,
              43.50631628
            ],
            [
              6.94964596,
              43.50632032
            ],
            [
              6.94963438,
              43.5063194
            ],
            [
              6.94962432,
              43.5063067
            ],
            [
              6.94961614,
              43.50628057
            ],
            [
              6.94960994,
              43.50624102
            ],
            [
              6.94960572,
              43.50618799
            ],
            [
              6.949514,
              43.50616792
            ],
            [
              6.9493479,
              43.50612798
            ],
            [
              6.94918028,
              43.50613769
            ],
            [
              6.94907742,
              43.50613521
            ],
            [
              6.94900304,
              43.5061154
            ],
            [
              6.94888824,
              43.50612042
            ],
            [
              6.94881718,
              43.50615013
            ],
            [
              6.94874711,
              43.50619131
            ],
            [
              6.94867902,
              43.50617313
            ],
            [
              6.94860239,
              43.50612088
            ],
            [
              6.94849298,
              43.50607807
            ],
            [
              6.94837449,
              43.50608237
            ],
            [
              6.94822492,
              43.5061212
            ],
            [
              6.94815602,
              43.50616238
            ],
            [
              6.94800501,
              43.50614537
            ],
            [
              6.94792569,
              43.50612583
            ],
            [
              6.94783496,
              43.50606602
            ],
            [
              6.94774953,
              43.50602862
            ],
            [
              6.94766257,
              43.50604347
            ],
            [
              6.94758622,
              43.50606517
            ],
            [
              6.94756331,
              43.50612817
            ],
            [
              6.94754579,
              43.50618023
            ],
            [
              6.94753456,
              43.50623372
            ],
            [
              6.94749764,
              43.50623509
            ],
            [
              6.94745506,
              43.50617528
            ],
            [
              6.94747752,
              43.50612752
            ],
            [
              6.94747096,
              43.5060823
            ],
            [
              6.94742272,
              43.50602927
            ],
            [
              6.94732202,
              43.50601252
            ],
            [
              6.94707876,
              43.50602132
            ],
            [
              6.94692227,
              43.50603787
            ],
            [
              6.9467365,
              43.50606159
            ],
            [
              6.94665233,
              43.50606699
            ],
            [
              6.94660256,
              43.50606758
            ],
            [
              6.94660193,
              43.50608211
            ],
            [
              6.9465934,
              43.50610302
            ],
            [
              6.94656043,
              43.50612283
            ],
            [
              6.94653303,
              43.50611729
            ],
            [
              6.94652216,
              43.50605611
            ],
            [
              6.94649261,
              43.5060352
            ],
            [
              6.94633073,
              43.50604491
            ],
            [
              6.94612367,
              43.5060984
            ],
            [
              6.94581492,
              43.50616629
            ],
            [
              6.94569958,
              43.50618101
            ],
            [
              6.94559313,
              43.50622063
            ],
            [
              6.9455262,
              43.50625392
            ],
            [
              6.94554911,
              43.50631751
            ],
            [
              6.94554758,
              43.50633178
            ],
            [
              6.94553204,
              43.50634638
            ],
            [
              6.94552881,
              43.50635433
            ],
            [
              6.94549943,
              43.5063553
            ],
            [
              6.94546727,
              43.50634227
            ],
            [
              6.94543888,
              43.50631888
            ],
            [
              6.94539226,
              43.50631693
            ],
            [
              6.9453398,
              43.50633341
            ],
            [
              6.9451834,
              43.50634273
            ],
            [
              6.94505566,
              43.50637798
            ],
            [
              6.94477144,
              43.5064301
            ],
            [
              6.94451173,
              43.506489
            ],
            [
              6.94449529,
              43.50644378
            ],
            [
              6.94430584,
              43.50646151
            ],
            [
              6.9442408,
              43.50647988
            ],
            [
              6.94421763,
              43.50652992
            ],
            [
              6.94419768,
              43.50653461
            ],
            [
              6.94416543,
              43.50649532
            ],
            [
              6.94403742,
              43.50652588
            ],
            [
              6.94391876,
              43.5065797
            ],
            [
              6.94390348,
              43.50661742
            ],
            [
              6.943876,
              43.50662693
            ],
            [
              6.94384231,
              43.50659429
            ],
            [
              6.94378598,
              43.5065954
            ],
            [
              6.94366408,
              43.5066543
            ],
            [
              6.94362977,
              43.5066758
            ],
            [
              6.94358979,
              43.50668218
            ],
            [
              6.94358359,
              43.5066859
            ],
            [
              6.94357407,
              43.50669593
            ],
            [
              6.94353419,
              43.50670479
            ],
            [
              6.9434917,
              43.50671958
            ],
            [
              6.94348379,
              43.50672388
            ],
            [
              6.94347059,
              43.50673581
            ],
            [
              6.9434546,
              43.50674252
            ],
            [
              6.94344498,
              43.5067534
            ],
            [
              6.94343376,
              43.50675972
            ],
            [
              6.94339486,
              43.50677242
            ],
            [
              6.94337132,
              43.50677399
            ],
            [
              6.94335946,
              43.50678747
            ],
            [
              6.94333737,
              43.50680259
            ],
            [
              6.94330512,
              43.50681549
            ],
            [
              6.94329883,
              43.50682018
            ],
            [
              6.94328814,
              43.5068349
            ],
            [
              6.9432814,
              43.50683907
            ],
            [
              6.94326829,
              43.50684188
            ],
            [
              6.94323738,
              43.50684012
            ],
            [
              6.94322166,
              43.50684709
            ],
            [
              6.94319256,
              43.50686683
            ],
            [
              6.94317513,
              43.50687602
            ],
            [
              6.94316974,
              43.50688182
            ],
            [
              6.943163,
              43.50689758
            ],
            [
              6.9431568,
              43.5069028
            ],
            [
              6.943133,
              43.50691687
            ],
            [
              6.94311593,
              43.5069355
            ],
            [
              6.94309168,
              43.5069458
            ],
            [
              6.94307452,
              43.50695987
            ],
            [
              6.94307066,
              43.50696958
            ],
            [
              6.94307371,
              43.5069972
            ],
            [
              6.94306778,
              43.50701942
            ],
            [
              6.94306958,
              43.50703043
            ],
            [
              6.94308521,
              43.5070621
            ],
            [
              6.94308808,
              43.50709839
            ],
            [
              6.94308701,
              43.50711539
            ],
            [
              6.94308386,
              43.50712777
            ],
            [
              6.94308772,
              43.50714543
            ],
            [
              6.94307793,
              43.50716973
            ],
            [
              6.94307542,
              43.50720817
            ],
            [
              6.94306688,
              43.50722492
            ],
            [
              6.94305799,
              43.5072502
            ],
            [
              6.94305332,
              43.50725391
            ],
            [
              6.94304856,
              43.50725521
            ],
            [
              6.94302502,
              43.50725443
            ],
            [
              6.94301487,
              43.50725091
            ],
            [
              6.94300472,
              43.50724257
            ],
            [
              6.94299376,
              43.50722433
            ],
            [
              6.94299098,
              43.50721658
            ],
            [
              6.94299071,
              43.50720361
            ],
            [
              6.9430058,
              43.50717292
            ],
            [
              6.9430093,
              43.5071565
            ],
            [
              6.94301119,
              43.50713552
            ],
            [
              6.94300813,
              43.5071081
            ],
            [
              6.94299996,
              43.50709311
            ],
            [
              6.94298091,
              43.50707578
            ],
            [
              6.94297454,
              43.50706698
            ],
            [
              6.94296412,
              43.50706027
            ],
            [
              6.94294561,
              43.50705571
            ],
            [
              6.94288794,
              43.50704607
            ],
            [
              6.94285578,
              43.50703747
            ],
            [
              6.94279622,
              43.50703499
            ],
            [
              6.9427204,
              43.50704301
            ],
            [
              6.94264207,
              43.50705688
            ],
            [
              6.94257272,
              43.50707428
            ],
            [
              6.94254056,
              43.50708992
            ],
            [
              6.94252493,
              43.50709441
            ],
            [
              6.94248001,
              43.50712171
            ],
            [
              6.94246447,
              43.50712881
            ],
            [
              6.94244327,
              43.50715318
            ],
            [
              6.9424006,
              43.50719449
            ],
            [
              6.94237572,
              43.5072212
            ],
            [
              6.94234994,
              43.50724179
            ],
            [
              6.94231472,
              43.5072788
            ],
            [
              6.94230341,
              43.50730043
            ],
            [
              6.94227529,
              43.50733503
            ],
            [
              6.94226433,
              43.50735327
            ],
            [
              6.94220953,
              43.5074151
            ],
            [
              6.9422063,
              43.50742279
            ],
            [
              6.94220423,
              43.50743777
            ],
            [
              6.94219139,
              43.50745452
            ],
            [
              6.94218204,
              43.50750012
            ],
            [
              6.94216983,
              43.50751257
            ],
            [
              6.94215707,
              43.50753902
            ],
            [
              6.94215411,
              43.50755127
            ],
            [
              6.94215446,
              43.5075688
            ],
            [
              6.94215213,
              43.50757512
            ],
            [
              6.94213533,
              43.50758899
            ],
            [
              6.94212428,
              43.50761017
            ],
            [
              6.94211539,
              43.50762782
            ],
            [
              6.94209913,
              43.50764301
            ],
            [
              6.94207622,
              43.50765369
            ],
            [
              6.94206886,
              43.50766568
            ],
            [
              6.94205116,
              43.50768079
            ],
            [
              6.94203274,
              43.50770601
            ],
            [
              6.94202771,
              43.50771637
            ],
            [
              6.94200804,
              43.5077335
            ],
            [
              6.94200822,
              43.507755
            ],
            [
              6.94200319,
              43.50777201
            ],
            [
              6.94199537,
              43.50778517
            ],
            [
              6.94198082,
              43.50781247
            ],
            [
              6.94197256,
              43.5078227
            ],
            [
              6.94196744,
              43.50783827
            ],
            [
              6.94195028,
              43.50785821
            ],
            [
              6.94193761,
              43.50789
            ],
            [
              6.94193447,
              43.50790303
            ],
            [
              6.94192252,
              43.50792101
            ],
            [
              6.94191641,
              43.507939
            ],
            [
              6.94189377,
              43.50796877
            ],
            [
              6.9418865,
              43.50800591
            ],
            [
              6.94185883,
              43.508042
            ],
            [
              6.94184437,
              43.50807627
            ],
            [
              6.94183547,
              43.508091
            ],
            [
              6.94183098,
              43.50810683
            ],
            [
              6.9418176,
              43.50812683
            ],
            [
              6.94180466,
              43.50815609
            ],
            [
              6.94180008,
              43.50817172
            ],
            [
              6.94178723,
              43.50818957
            ],
            [
              6.94177187,
              43.50822873
            ],
            [
              6.94176864,
              43.50825388
            ],
            [
              6.94175732,
              43.50827258
            ],
            [
              6.94174897,
              43.5083004
            ],
            [
              6.94174052,
              43.50831141
            ],
            [
              6.94173298,
              43.50834027
            ],
            [
              6.94172076,
              43.50836268
            ],
            [
              6.9417169,
              43.50837832
            ],
            [
              6.94169704,
              43.50842901
            ],
            [
              6.94169093,
              43.50845559
            ],
            [
              6.94168483,
              43.50846888
            ],
            [
              6.94167063,
              43.50853508
            ],
            [
              6.94167108,
              43.50855671
            ],
            [
              6.94166731,
              43.50856889
            ],
            [
              6.94167072,
              43.50859189
            ],
            [
              6.94166964,
              43.50861352
            ],
            [
              6.94166336,
              43.50862948
            ],
            [
              6.94167647,
              43.50866421
            ],
            [
              6.94168042,
              43.50869639
            ],
            [
              6.94168554,
              43.50870832
            ],
            [
              6.94169192,
              43.50871698
            ],
            [
              6.94170432,
              43.5087246
            ],
            [
              6.9417142,
              43.50872591
            ],
            [
              6.94173387,
              43.5087248
            ],
            [
              6.94175229,
              43.50873151
            ],
            [
              6.94177538,
              43.50874259
            ],
            [
              6.94178822,
              43.50874988
            ],
            [
              6.94180098,
              43.50876011
            ],
            [
              6.94180978,
              43.508762
            ],
            [
              6.94181921,
              43.5087635
            ],
            [
              6.94183844,
              43.50876402
            ],
            [
              6.94185542,
              43.50876487
            ],
            [
              6.94188012,
              43.50876839
            ],
            [
              6.94189449,
              43.50877288
            ],
            [
              6.94190572,
              43.5087807
            ],
            [
              6.94191902,
              43.50878552
            ],
            [
              6.94193267,
              43.50878669
            ],
            [
              6.94195621,
              43.50878487
            ],
            [
              6.94199618,
              43.50879627
            ],
            [
              6.94202978,
              43.50882253
            ],
            [
              6.9420305,
              43.5088338
            ],
            [
              6.94202358,
              43.5088411
            ],
            [
              6.94201109,
              43.50885009
            ],
            [
              6.94199277,
              43.50885113
            ],
            [
              6.9419783,
              43.50884051
            ],
            [
              6.94196546,
              43.50883719
            ],
            [
              6.9419457,
              43.50883699
            ],
            [
              6.94190752,
              43.50884572
            ],
            [
              6.9418962,
              43.50884572
            ],
            [
              6.94185443,
              43.50883771
            ],
            [
              6.94183466,
              43.5088325
            ],
            [
              6.94181562,
              43.50883282
            ],
            [
              6.94180574,
              43.5088308
            ],
            [
              6.94179056,
              43.50881901
            ],
            [
              6.94178373,
              43.50881673
            ],
            [
              6.94177142,
              43.5088164
            ],
            [
              6.94174834,
              43.50881927
            ],
            [
              6.94173756,
              43.50882448
            ],
            [
              6.94173199,
              43.50883979
            ],
            [
              6.94171788,
              43.50884338
            ],
            [
              6.94168006,
              43.50883751
            ],
            [
              6.94165527,
              43.50883777
            ],
            [
              6.94163173,
              43.50884077
            ],
            [
              6.94158098,
              43.50885497
            ],
            [
              6.9415525,
              43.5088697
            ],
            [
              6.94153229,
              43.50887771
            ],
            [
              6.9415137,
              43.50889622
            ],
            [
              6.94146177,
              43.50893068
            ],
            [
              6.94144812,
              43.50894319
            ],
            [
              6.94143402,
              43.5089641
            ],
            [
              6.94138533,
              43.50902248
            ],
            [
              6.94137868,
              43.50904802
            ],
            [
              6.94136979,
              43.50907147
            ],
            [
              6.94136431,
              43.50908099
            ],
            [
              6.94135218,
              43.50909532
            ],
            [
              6.94132909,
              43.5091049
            ],
            [
              6.94132433,
              43.5091103
            ],
            [
              6.94132496,
              43.5091189
            ],
            [
              6.94133224,
              43.50913428
            ],
            [
              6.94133152,
              43.50914562
            ],
            [
              6.94131876,
              43.50916229
            ],
            [
              6.94131247,
              43.50918041
            ],
            [
              6.94130879,
              43.50918621
            ],
            [
              6.94128759,
              43.5092021
            ],
            [
              6.94127232,
              43.50920868
            ],
            [
              6.94127546,
              43.50921507
            ],
            [
              6.94129612,
              43.5092221
            ],
            [
              6.94129909,
              43.50922562
            ],
            [
              6.94129918,
              43.50923142
            ],
            [
              6.94129046,
              43.50924347
            ],
            [
              6.94128346,
              43.50924999
            ],
            [
              6.94127564,
              43.50926237
            ],
            [
              6.94127106,
              43.50927299
            ],
            [
              6.94127043,
              43.50928569
            ],
            [
              6.94126792,
              43.50929221
            ],
            [
              6.9412584,
              43.5092995
            ],
            [
              6.94124357,
              43.50930341
            ],
            [
              6.94123989,
              43.50930719
            ],
            [
              6.94123432,
              43.50932172
            ],
            [
              6.94122498,
              43.50933273
            ],
            [
              6.94122129,
              43.50934381
            ],
            [
              6.94121932,
              43.50936179
            ],
            [
              6.94121096,
              43.50937938
            ],
            [
              6.94120917,
              43.50939332
            ],
            [
              6.94119614,
              43.5094072
            ],
            [
              6.94119497,
              43.50941098
            ],
            [
              6.94119219,
              43.50945391
            ],
            [
              6.94118078,
              43.50946701
            ],
            [
              6.94117108,
              43.50949111
            ],
            [
              6.94116183,
              43.5095059
            ],
            [
              6.9411426,
              43.50952643
            ],
            [
              6.94113488,
              43.50953913
            ],
            [
              6.94112814,
              43.50954232
            ],
            [
              6.94111107,
              43.50954539
            ],
            [
              6.94109769,
              43.50954447
            ],
            [
              6.94107487,
              43.50954037
            ],
            [
              6.94105933,
              43.50954213
            ],
            [
              6.94104891,
              43.5095403
            ],
            [
              6.94103687,
              43.50953503
            ],
            [
              6.94102232,
              43.50952551
            ],
            [
              6.94100893,
              43.50950799
            ],
            [
              6.94100094,
              43.50948988
            ],
            [
              6.94100103,
              43.50947672
            ],
            [
              6.94100543,
              43.50946147
            ],
            [
              6.94101756,
              43.50944857
            ],
            [
              6.94104298,
              43.50943183
            ],
            [
              6.94107029,
              43.50942381
            ],
            [
              6.94107307,
              43.50942101
            ],
            [
              6.94107568,
              43.50940551
            ],
            [
              6.94108556,
              43.5093898
            ],
            [
              6.94110496,
              43.50937749
            ],
            [
              6.94110676,
              43.5093741
            ],
            [
              6.94110433,
              43.50936062
            ],
            [
              6.94111808,
              43.50934733
            ],
            [
              6.94112113,
              43.50932798
            ],
            [
              6.94113569,
              43.50931651
            ],
            [
              6.9411409,
              43.50931019
            ],
            [
              6.94114072,
              43.50928849
            ],
            [
              6.94114871,
              43.50926888
            ],
            [
              6.94115509,
              43.50923162
            ],
            [
              6.94116614,
              43.50921709
            ],
            [
              6.94117279,
              43.50919481
            ],
            [
              6.94118707,
              43.50917891
            ],
            [
              6.94119426,
              43.50913578
            ],
            [
              6.9412062,
              43.5091232
            ],
            [
              6.94121016,
              43.50911291
            ],
            [
              6.9412053,
              43.50908913
            ],
            [
              6.94120629,
              43.50905421
            ],
            [
              6.94120216,
              43.50902671
            ],
            [
              6.94119776,
              43.5090131
            ],
            [
              6.94120468,
              43.50899603
            ],
            [
              6.94120611,
              43.5089755
            ],
            [
              6.94120396,
              43.50896163
            ],
            [
              6.94121159,
              43.50893752
            ],
            [
              6.9412195,
              43.50888247
            ],
            [
              6.94121007,
              43.50886181
            ],
            [
              6.94120333,
              43.50885263
            ],
            [
              6.94117862,
              43.50883562
            ],
            [
              6.94116219,
              43.50881849
            ],
            [
              6.94113569,
              43.50880403
            ],
            [
              6.94111008,
              43.50878611
            ],
            [
              6.9410693,
              43.50876461
            ],
            [
              6.94103121,
              43.5087478
            ],
            [
              6.94098091,
              43.50872969
            ],
            [
              6.94095441,
              43.50871561
            ],
            [
              6.94092943,
              43.50870493
            ],
            [
              6.94090383,
              43.50869939
            ],
            [
              6.94085379,
              43.50868362
            ],
            [
              6.9408414,
              43.50868108
            ],
            [
              6.94069201,
              43.5086605
            ],
            [
              6.94066182,
              43.50865463
            ],
            [
              6.94062814,
              43.5086517
            ],
            [
              6.94060469,
              43.50864681
            ],
            [
              6.94057801,
              43.50864421
            ],
            [
              6.94055474,
              43.50863978
            ],
            [
              6.94050938,
              43.5086375
            ],
            [
              6.94045593,
              43.50863437
            ],
            [
              6.94044461,
              43.50863522
            ],
            [
              6.94042979,
              43.50864108
            ],
            [
              6.94039377,
              43.50863821
            ],
            [
              6.94038182,
              43.50864043
            ],
            [
              6.94036421,
              43.50864649
            ],
            [
              6.94033232,
              43.50864649
            ],
            [
              6.9402963,
              43.5086489
            ],
            [
              6.94026908,
              43.50865489
            ],
            [
              6.94025031,
              43.50865528
            ],
            [
              6.94023099,
              43.50866382
            ],
            [
              6.94020117,
              43.5086659
            ],
            [
              6.94016964,
              43.5086747
            ],
            [
              6.94011637,
              43.50868428
            ],
            [
              6.94007711,
              43.50870493
            ],
            [
              6.94004872,
              43.50871131
            ],
            [
              6.94003282,
              43.508719
            ],
            [
              6.94001441,
              43.50873731
            ],
            [
              6.94000048,
              43.50874422
            ],
            [
              6.93997973,
              43.50876441
            ],
            [
              6.93994748,
              43.50878787
            ],
            [
              6.93989682,
              43.50888292
            ],
            [
              6.93965544,
              43.50926647
            ],
            [
              6.93960451,
              43.50934719
            ],
            [
              6.93950758,
              43.50950121
            ],
            [
              6.93943446,
              43.50953633
            ],
            [
              6.93938676,
              43.50952721
            ],
            [
              6.93933474,
              43.50947333
            ],
            [
              6.93932729,
              43.50943991
            ],
            [
              6.93934678,
              43.50941091
            ],
            [
              6.93926342,
              43.50938257
            ],
            [
              6.93927662,
              43.50936127
            ],
            [
              6.93936511,
              43.50938863
            ],
            [
              6.93948431,
              43.50921631
            ],
            [
              6.93951171,
              43.50921409
            ],
            [
              6.93974644,
              43.50884852
            ],
            [
              6.93967664,
              43.50853938
            ],
            [
              6.93921697,
              43.50822098
            ],
            [
              6.93870961,
              43.50841898
            ],
            [
              6.9385754,
              43.50852739
            ],
            [
              6.93853497,
              43.50850328
            ],
            [
              6.93840229,
              43.50860492
            ],
            [
              6.93836043,
              43.50865717
            ],
            [
              6.93842286,
              43.50869457
            ],
            [
              6.93834022,
              43.5087923
            ],
            [
              6.93879791,
              43.50896619
            ],
            [
              6.9387538,
              43.5090331
            ],
            [
              6.93908277,
              43.50916021
            ],
            [
              6.93915454,
              43.50905988
            ],
            [
              6.93917844,
              43.50909069
            ],
            [
              6.93900928,
              43.50931938
            ],
            [
              6.93895781,
              43.50930068
            ],
            [
              6.93891191,
              43.5093556
            ],
            [
              6.9388696,
              43.50934622
            ],
            [
              6.93881632,
              43.50928732
            ],
            [
              6.9387538,
              43.50912952
            ],
            [
              6.9384225,
              43.5090488
            ],
            [
              6.93841011,
              43.50904932
            ],
            [
              6.93838397,
              43.50905642
            ],
            [
              6.9383439,
              43.50907838
            ],
            [
              6.9383077,
              43.50909271
            ],
            [
              6.93826251,
              43.50911838
            ],
            [
              6.93818858,
              43.50915702
            ],
            [
              6.93812911,
              43.50918953
            ],
            [
              6.93806551,
              43.50923351
            ],
            [
              6.93804961,
              43.50924862
            ],
            [
              6.93802024,
              43.50926719
            ],
            [
              6.93799607,
              43.50929071
            ],
            [
              6.93797487,
              43.50930641
            ],
            [
              6.93792663,
              43.50935241
            ],
            [
              6.93783779,
              43.50944857
            ],
            [
              6.93782584,
              43.50946629
            ],
            [
              6.93781327,
              43.50947913
            ],
            [
              6.93780329,
              43.5094945
            ],
            [
              6.93776009,
              43.50954213
            ],
            [
              6.9377405,
              43.50956838
            ],
            [
              6.93772487,
              43.50958448
            ],
            [
              6.93770682,
              43.50961047
            ],
            [
              6.93768732,
              43.50963132
            ],
            [
              6.93767277,
              43.50965139
            ],
            [
              6.93764474,
              43.50968592
            ],
            [
              6.93763369,
              43.50969601
            ],
            [
              6.9376221,
              43.509714
            ],
            [
              6.93760971,
              43.50972761
            ],
            [
              6.93760513,
              43.50973602
            ],
            [
              6.93759938,
              43.50975908
            ],
            [
              6.937585,
              43.50977869
            ],
            [
              6.93757063,
              43.509791
            ],
            [
              6.93755069,
              43.50982071
            ],
            [
              6.93754503,
              43.50983518
            ],
            [
              6.93753802,
              43.50984638
            ],
            [
              6.93753398,
              43.50986671
            ],
            [
              6.93752491,
              43.50987759
            ],
            [
              6.93751853,
              43.50989349
            ],
            [
              6.93750739,
              43.50990717
            ],
            [
              6.93750389,
              43.50992828
            ],
            [
              6.93748906,
              43.5099445
            ],
            [
              6.93747388,
              43.5099759
            ],
            [
              6.9374578,
              43.50999199
            ],
            [
              6.93744828,
              43.51001551
            ],
            [
              6.93742888,
              43.51004802
            ],
            [
              6.93742286,
              43.51006848
            ],
            [
              6.93741594,
              43.51007969
            ],
            [
              6.93741549,
              43.51009728
            ],
            [
              6.93740166,
              43.51013168
            ],
            [
              6.93737516,
              43.51017253
            ],
            [
              6.93736878,
              43.51019057
            ],
            [
              6.93735171,
              43.51022178
            ],
            [
              6.93734569,
              43.51023918
            ],
            [
              6.93732827,
              43.510267
            ],
            [
              6.93731901,
              43.51029501
            ],
            [
              6.93730338,
              43.51031899
            ],
            [
              6.93728811,
              43.51032602
            ],
            [
              6.93727814,
              43.51033632
            ],
            [
              6.93726431,
              43.51037808
            ],
            [
              6.93726619,
              43.51038212
            ],
            [
              6.93728398,
              43.51039189
            ],
            [
              6.93728883,
              43.51039899
            ],
            [
              6.93729027,
              43.51041827
            ],
            [
              6.93729916,
              43.51042941
            ],
            [
              6.93730221,
              43.51043873
            ],
            [
              6.93729647,
              43.51045502
            ],
            [
              6.93730186,
              43.51047267
            ],
            [
              6.93731111,
              43.51050043
            ],
            [
              6.93732018,
              43.51052551
            ],
            [
              6.93736411,
              43.51051652
            ],
            [
              6.9373951,
              43.51054753
            ],
            [
              6.93737911,
              43.51057802
            ],
            [
              6.93737363,
              43.51059392
            ],
            [
              6.93737776,
              43.51065679
            ],
            [
              6.93738432,
              43.51068943
            ],
            [
              6.93739474,
              43.51071907
            ],
            [
              6.9373969,
              43.51074161
            ],
            [
              6.9374039,
              43.51076181
            ],
            [
              6.93740696,
              43.51077979
            ],
            [
              6.93741944,
              43.51080129
            ],
            [
              6.93742322,
              43.51082357
            ],
            [
              6.93744334,
              43.51087472
            ],
            [
              6.9374587,
              43.51089367
            ],
            [
              6.93746831,
              43.510911
            ],
            [
              6.93749427,
              43.51094182
            ],
            [
              6.93750272,
              43.51094912
            ],
            [
              6.93751808,
              43.51095772
            ],
            [
              6.93752248,
              43.51096228
            ],
            [
              6.93753209,
              43.51099179
            ],
            [
              6.93753236,
              43.51101159
            ],
            [
              6.93754072,
              43.5110142
            ],
            [
              6.93755042,
              43.51101322
            ],
            [
              6.93755958,
              43.51100521
            ],
            [
              6.93756389,
              43.51100501
            ],
            [
              6.93757027,
              43.5110071
            ],
            [
              6.93758168,
              43.51101922
            ],
            [
              6.93761204,
              43.51103687
            ],
            [
              6.93762767,
              43.51104391
            ],
            [
              6.93764914,
              43.51105088
            ],
            [
              6.93765929,
              43.5110587
            ],
            [
              6.93768651,
              43.51108417
            ],
            [
              6.93770484,
              43.51111023
            ],
            [
              6.93772101,
              43.51112678
            ],
            [
              6.93772568,
              43.51113681
            ],
            [
              6.93772676,
              43.51114632
            ],
            [
              6.93772424,
              43.5111544
            ],
            [
              6.93771912,
              43.51116202
            ],
            [
              6.93772011,
              43.51117297
            ],
            [
              6.93773718,
              43.5111933
            ],
            [
              6.93773889,
              43.51120268
            ],
            [
              6.93772918,
              43.5112217
            ],
            [
              6.9377246,
              43.51123877
            ],
            [
              6.93773233,
              43.5112574
            ],
            [
              6.93773547,
              43.51128952
            ],
            [
              6.93773394,
              43.51129793
            ],
            [
              6.93772882,
              43.51130607
            ],
            [
              6.93772703,
              43.51131298
            ],
            [
              6.93772532,
              43.51132998
            ],
            [
              6.93773394,
              43.51137578
            ],
            [
              6.93773403,
              43.51139363
            ],
            [
              6.93773754,
              43.51139767
            ],
            [
              6.93774347,
              43.51139891
            ],
            [
              6.93777401,
              43.51139702
            ],
            [
              6.93779494,
              43.5114034
            ],
            [
              6.9377988,
              43.5114105
            ],
            [
              6.93779871,
              43.51142803
            ],
            [
              6.93780159,
              43.51144373
            ],
            [
              6.93780976,
              43.51145122
            ],
            [
              6.93783527,
              43.51146842
            ],
            [
              6.93784561,
              43.51147832
            ],
            [
              6.93785019,
              43.51148842
            ],
            [
              6.93785279,
              43.51151109
            ],
            [
              6.93787139,
              43.51153149
            ],
            [
              6.93787624,
              43.5115408
            ],
            [
              6.93788136,
              43.51155618
            ],
            [
              6.93788441,
              43.51159149
            ],
            [
              6.93788774,
              43.5115965
            ],
            [
              6.93789843,
              43.51159983
            ],
            [
              6.93790489,
              43.5115995
            ],
            [
              6.93791424,
              43.51159631
            ],
            [
              6.93792008,
              43.51159188
            ],
            [
              6.93792906,
              43.51158999
            ],
            [
              6.9379402,
              43.51159331
            ],
            [
              6.93794756,
              43.51160048
            ],
            [
              6.93794882,
              43.51160752
            ],
            [
              6.93794747,
              43.51160927
            ],
            [
              6.9379322,
              43.5116094
            ],
            [
              6.93790642,
              43.51161729
            ],
            [
              6.93789537,
              43.51162693
            ],
            [
              6.93787022,
              43.51164458
            ],
            [
              6.93786276,
              43.51165182
            ],
            [
              6.93785378,
              43.51166367
            ],
            [
              6.93785207,
              43.51168302
            ],
            [
              6.93784866,
              43.51169071
            ],
            [
              6.93784219,
              43.51169788
            ],
            [
              6.93783806,
              43.51170921
            ],
            [
              6.93783123,
              43.5117169
            ],
            [
              6.93782917,
              43.51172381
            ],
            [
              6.93784983,
              43.51174778
            ],
            [
              6.93785126,
              43.5117569
            ],
            [
              6.93784992,
              43.51176029
            ],
            [
              6.9378448,
              43.51176518
            ],
            [
              6.93781749,
              43.5117814
            ],
            [
              6.93779054,
              43.51178863
            ],
            [
              6.93778739,
              43.51179058
            ],
            [
              6.93778488,
              43.51179729
            ],
            [
              6.93778901,
              43.5118141
            ],
            [
              6.93780536,
              43.5118343
            ],
            [
              6.93781506,
              43.51184081
            ],
            [
              6.9378457,
              43.51184902
            ],
            [
              6.93786582,
              43.51186107
            ],
            [
              6.93787956,
              43.51187358
            ],
            [
              6.93789609,
              43.5118941
            ],
            [
              6.93790579,
              43.5118999
            ],
            [
              6.9379181,
              43.51190407
            ],
            [
              6.93793059,
              43.51191248
            ],
            [
              6.93794217,
              43.51192512
            ],
            [
              6.93796876,
              43.51194779
            ],
            [
              6.93797326,
              43.5119586
            ],
            [
              6.9379711,
              43.51196818
            ],
            [
              6.93795834,
              43.51198531
            ],
            [
              6.9379534,
              43.51200857
            ],
            [
              6.93794586,
              43.51201248
            ],
            [
              6.9379048,
              43.51201639
            ],
            [
              6.93790031,
              43.51201919
            ],
            [
              6.93789717,
              43.51202649
            ],
            [
              6.93789663,
              43.51204382
            ],
            [
              6.93789124,
              43.51206447
            ],
            [
              6.93789169,
              43.5120719
            ],
            [
              6.93789483,
              43.51207567
            ],
            [
              6.93790436,
              43.51208121
            ],
            [
              6.93791711,
              43.51208688
            ],
            [
              6.93792313,
              43.51209248
            ],
            [
              6.93793166,
              43.51210623
            ],
            [
              6.93794316,
              43.51213353
            ],
            [
              6.93794523,
              43.51214258
            ],
            [
              6.9379384,
              43.51216258
            ],
            [
              6.93794083,
              43.51218968
            ],
            [
              6.93793741,
              43.5122033
            ],
            [
              6.93792708,
              43.51221398
            ],
            [
              6.93790948,
              43.51221972
            ],
            [
              6.93789043,
              43.51222832
            ],
            [
              6.93785486,
              43.51223991
            ],
            [
              6.93784237,
              43.51223952
            ],
            [
              6.93783653,
              43.51223548
            ],
            [
              6.93782836,
              43.5122231
            ],
            [
              6.93781946,
              43.51222519
            ],
            [
              6.93780374,
              43.51223587
            ],
            [
              6.93780006,
              43.51224122
            ],
            [
              6.93780168,
              43.51224532
            ],
            [
              6.93781964,
              43.5122577
            ],
            [
              6.93782773,
              43.51226812
            ],
            [
              6.93782917,
              43.51227268
            ],
            [
              6.93782746,
              43.51228102
            ],
            [
              6.93781884,
              43.51228897
            ],
            [
              6.93779476,
              43.51229861
            ],
            [
              6.93778443,
              43.51231288
            ],
            [
              6.9377573,
              43.51232532
            ],
            [
              6.93773951,
              43.5123392
            ],
            [
              6.93772577,
              43.51234741
            ],
            [
              6.93769702,
              43.51238441
            ],
            [
              6.9376875,
              43.5124078
            ],
            [
              6.93768229,
              43.51243041
            ],
            [
              6.93767043,
              43.51243581
            ],
            [
              6.93765256,
              43.5124405
            ],
            [
              6.93761492,
              43.51244578
            ],
            [
              6.93759363,
              43.51245197
            ],
            [
              6.9375656,
              43.51245692
            ],
            [
              6.93755698,
              43.51246239
            ],
            [
              6.93755186,
              43.51246331
            ],
            [
              6.93754027,
              43.51246181
            ],
            [
              6.93751898,
              43.51245308
            ],
            [
              6.93747379,
              43.51245243
            ],
            [
              6.93744442,
              43.51244721
            ],
            [
              6.93743534,
              43.51244813
            ],
            [
              6.93742277,
              43.51245197
            ],
            [
              6.9374039,
              43.51245249
            ],
            [
              6.93739681,
              43.5124562
            ],
            [
              6.93739591,
              43.51245959
            ],
            [
              6.93739744,
              43.51246852
            ],
            [
              6.93740426,
              43.51248441
            ],
            [
              6.93740534,
              43.51249373
            ],
            [
              6.93740319,
              43.51250402
            ],
            [
              6.93739771,
              43.51250891
            ],
            [
              6.93738764,
              43.5125121
            ],
            [
              6.93735737,
              43.51251568
            ],
            [
              6.93734399,
              43.51252122
            ],
            [
              6.937335,
              43.51252748
            ],
            [
              6.9373253,
              43.51253028
            ],
            [
              6.93727661,
              43.51253308
            ],
            [
              6.93727023,
              43.51253699
            ],
            [
              6.9372608,
              43.51254787
            ],
            [
              6.93725972,
              43.51255621
            ],
            [
              6.93726709,
              43.51257673
            ],
            [
              6.93726934,
              43.5125994
            ],
            [
              6.9372732,
              43.51260468
            ],
            [
              6.93729152,
              43.51262012
            ],
            [
              6.93729862,
              43.51263478
            ],
            [
              6.93730203,
              43.51265491
            ],
            [
              6.93730814,
              43.51267308
            ],
            [
              6.93730877,
              43.51269087
            ],
            [
              6.9373138,
              43.51271302
            ],
            [
              6.93732368,
              43.51275751
            ],
            [
              6.93733428,
              43.51277673
            ],
            [
              6.93734426,
              43.51280761
            ],
            [
              6.93736061,
              43.51283022
            ],
            [
              6.93735989,
              43.5128439
            ],
            [
              6.9373465,
              43.51286989
            ],
            [
              6.93733887,
              43.51287712
            ],
            [
              6.9373421,
              43.51288957
            ],
            [
              6.93735378,
              43.51291068
            ],
            [
              6.93737633,
              43.51292872
            ],
            [
              6.93739582,
              43.51295328
            ],
            [
              6.93741414,
              43.51296318
            ],
            [
              6.93743301,
              43.51297862
            ],
            [
              6.93745358,
              43.51298898
            ],
            [
              6.93746346,
              43.51299667
            ],
            [
              6.93746858,
              43.5130054
            ],
            [
              6.93747397,
              43.5130241
            ],
            [
              6.93748242,
              43.51304078
            ],
            [
              6.93748844,
              43.51306019
            ],
            [
              6.93748844,
              43.51306911
            ],
            [
              6.93748062,
              43.51308319
            ],
            [
              6.93747963,
              43.51308872
            ],
            [
              6.93748044,
              43.51310169
            ],
            [
              6.93748358,
              43.51310827
            ],
            [
              6.93749374,
              43.51311459
            ],
            [
              6.93752616,
              43.51312012
            ],
            [
              6.93753524,
              43.51312091
            ],
            [
              6.93755563,
              43.5131196
            ],
            [
              6.9375585,
              43.51312071
            ],
            [
              6.9375638,
              43.51312801
            ],
            [
              6.93756407,
              43.51313732
            ],
            [
              6.93756246,
              43.5131413
            ],
            [
              6.93755132,
              43.51315641
            ],
            [
              6.93754359,
              43.51316631
            ],
            [
              6.93754018,
              43.51317817
            ],
            [
              6.93754503,
              43.5131882
            ],
            [
              6.93756659,
              43.51320931
            ],
            [
              6.93757018,
              43.5132183
            ],
            [
              6.93755581,
              43.51324443
            ],
            [
              6.93754539,
              43.51325869
            ],
            [
              6.93753982,
              43.5132712
            ],
            [
              6.93753829,
              43.51328247
            ],
            [
              6.93752598,
              43.51329211
            ],
            [
              6.93751709,
              43.51329452
            ],
            [
              6.9374985,
              43.51329491
            ],
            [
              6.93749023,
              43.51329889
            ],
            [
              6.93748691,
              43.51330599
            ],
            [
              6.93748628,
              43.51331928
            ],
            [
              6.93748781,
              43.51332358
            ],
            [
              6.93749769,
              43.51333322
            ],
            [
              6.93750416,
              43.51333459
            ],
            [
              6.93750856,
              43.513334
            ],
            [
              6.93751682,
              43.51332508
            ],
            [
              6.93753084,
              43.51331739
            ],
            [
              6.93754593,
              43.51331687
            ],
            [
              6.93755913,
              43.51332058
            ],
            [
              6.93756668,
              43.51332482
            ],
            [
              6.93758402,
              43.51334482
            ],
            [
              6.93758734,
              43.51334221
            ],
            [
              6.93758851,
              43.5133385
            ],
            [
              6.93758833,
              43.51331192
            ],
            [
              6.9375956,
              43.5133
            ],
            [
              6.9376177,
              43.51328482
            ],
            [
              6.9376389,
              43.51326019
            ],
            [
              6.93764178,
              43.5132598
            ],
            [
              6.93765319,
              43.51326397
            ],
            [
              6.9376601,
              43.51326853
            ],
            [
              6.93766738,
              43.51327719
            ],
            [
              6.93766801,
              43.5132882
            ],
            [
              6.93764501,
              43.51331961
            ],
            [
              6.93764348,
              43.5133297
            ],
            [
              6.93765193,
              43.51335433
            ],
            [
              6.93767304,
              43.51338573
            ],
            [
              6.9376752,
              43.51339602
            ],
            [
              6.9376734,
              43.51340208
            ],
            [
              6.93766729,
              43.51341062
            ],
            [
              6.93765947,
              43.51342052
            ],
            [
              6.9376504,
              43.51343003
            ],
            [
              6.93764887,
              43.5134329
            ],
            [
              6.93764977,
              43.5134415
            ],
            [
              6.93765768,
              43.5134484
            ],
            [
              6.93766334,
              43.51344957
            ],
            [
              6.93767124,
              43.51344821
            ],
            [
              6.93767708,
              43.51344423
            ],
            [
              6.93768067,
              43.51342482
            ],
            [
              6.93768418,
              43.51341798
            ],
            [
              6.93769011,
              43.51341348
            ],
            [
              6.93769649,
              43.51340957
            ],
            [
              6.93772281,
              43.51340117
            ],
            [
              6.93773287,
              43.51339993
            ],
            [
              6.93774769,
              43.51340058
            ],
            [
              6.93775137,
              43.5134041
            ],
            [
              6.93776898,
              43.5134357
            ],
            [
              6.9377714,
              43.51344521
            ],
            [
              6.93777131,
              43.51346267
            ],
            [
              6.93776943,
              43.51347042
            ],
            [
              6.93776682,
              43.51347238
            ],
            [
              6.93775784,
              43.51347407
            ],
            [
              6.93775586,
              43.5134742
            ],
            [
              6.93774814,
              43.51347557
            ],
            [
              6.93774131,
              43.51347667
            ],
            [
              6.93773242,
              43.5134828
            ],
            [
              6.93772793,
              43.51348521
            ],
            [
              6.93769163,
              43.51350378
            ],
            [
              6.93767457,
              43.51351101
            ],
            [
              6.9376619,
              43.5135144
            ],
            [
              6.9376548,
              43.51351869
            ],
            [
              6.93765184,
              43.5135256
            ],
            [
              6.93764968,
              43.51354228
            ],
            [
              6.93764636,
              43.51354782
            ],
            [
              6.93763818,
              43.51355628
            ],
            [
              6.93760917,
              43.51357791
            ],
            [
              6.93758806,
              43.51358358
            ],
            [
              6.93756524,
              43.51358632
            ],
            [
              6.93753991,
              43.51358638
            ],
            [
              6.93751826,
              43.5135828
            ],
            [
              6.93751404,
              43.51358358
            ],
            [
              6.93750254,
              43.51359433
            ],
            [
              6.93749553,
              43.51360782
            ],
            [
              6.93749032,
              43.51363257
            ],
            [
              6.93749041,
              43.5136501
            ],
            [
              6.9374879,
              43.51365798
            ],
            [
              6.93748044,
              43.51366977
            ],
            [
              6.93747496,
              43.51367511
            ],
            [
              6.93745771,
              43.51368449
            ],
            [
              6.93744271,
              43.51370058
            ],
            [
              6.9374243,
              43.51371042
            ],
            [
              6.93740777,
              43.51372488
            ],
            [
              6.9374039,
              43.51373218
            ],
            [
              6.93740247,
              43.51374039
            ],
            [
              6.93740283,
              43.51374528
            ],
            [
              6.93740849,
              43.513754
            ],
            [
              6.93741396,
              43.51375681
            ],
            [
              6.93743337,
              43.51376019
            ],
            [
              6.93744388,
              43.51376488
            ],
            [
              6.93747002,
              43.51378918
            ],
            [
              6.93748098,
              43.51380651
            ],
            [
              6.93748233,
              43.51381811
            ],
            [
              6.93747343,
              43.51383817
            ],
            [
              6.9374737,
              43.5138428
            ],
            [
              6.93748107,
              43.51385798
            ],
            [
              6.93748134,
              43.51387081
            ],
            [
              6.937479,
              43.51387883
            ],
            [
              6.93747307,
              43.51388488
            ],
            [
              6.93746643,
              43.51388821
            ],
            [
              6.9374216,
              43.51390052
            ],
            [
              6.93739986,
              43.51391348
            ],
            [
              6.9373889,
              43.51391811
            ],
            [
              6.9373695,
              43.51391902
            ],
            [
              6.93734479,
              43.51392449
            ],
            [
              6.93733842,
              43.51392378
            ],
            [
              6.93733186,
              43.51392
            ],
            [
              6.93731838,
              43.51388971
            ],
            [
              6.93730967,
              43.5138813
            ],
            [
              6.93729898,
              43.51387648
            ],
            [
              6.93722792,
              43.51386117
            ],
            [
              6.93720583,
              43.51385283
            ],
            [
              6.9371946,
              43.51385218
            ],
            [
              6.93717798,
              43.513854
            ],
            [
              6.9371557,
              43.5138512
            ],
            [
              6.93715013,
              43.51385199
            ],
            [
              6.93714429,
              43.51385609
            ],
            [
              6.93713603,
              43.51387172
            ],
            [
              6.9371363,
              43.51388208
            ],
            [
              6.93713926,
              43.51388443
            ],
            [
              6.93716333,
              43.51388918
            ],
            [
              6.93717879,
              43.51389889
            ],
            [
              6.93718507,
              43.51391283
            ],
            [
              6.9371875,
              43.5139314
            ],
            [
              6.9371804,
              43.51395309
            ],
            [
              6.93716953,
              43.51396293
            ],
            [
              6.93715022,
              43.51397257
            ],
            [
              6.93714591,
              43.5139787
            ],
            [
              6.93713728,
              43.51400267
            ],
            [
              6.93713162,
              43.51402762
            ],
            [
              6.93713189,
              43.51404482
            ],
            [
              6.93712273,
              43.51405883
            ],
            [
              6.93712821,
              43.51406599
            ],
            [
              6.93713872,
              43.51407198
            ],
            [
              6.93716351,
              43.51407387
            ],
            [
              6.93717501,
              43.51407772
            ],
            [
              6.93717959,
              43.51408247
            ],
            [
              6.93718714,
              43.51409752
            ],
            [
              6.93719621,
              43.51410488
            ],
            [
              6.93720753,
              43.51410671
            ],
            [
              6.93723879,
              43.5141058
            ],
            [
              6.93725146,
              43.51411003
            ],
            [
              6.93726134,
              43.51411778
            ],
            [
              6.93726853,
              43.5141243
            ],
            [
              6.93727589,
              43.51413518
            ],
            [
              6.93728074,
              43.51415179
            ],
            [
              6.93729018,
              43.51417062
            ],
            [
              6.93729099,
              43.51417948
            ],
            [
              6.93728389,
              43.51418912
            ],
            [
              6.93726862,
              43.51419993
            ],
            [
              6.93725559,
              43.51421231
            ],
            [
              6.93723727,
              43.51422202
            ],
            [
              6.9372202,
              43.51422723
            ],
            [
              6.93721202,
              43.51422768
            ],
            [
              6.93719244,
              43.51422599
            ],
            [
              6.9371619,
              43.51421218
            ],
            [
              6.93714914,
              43.51421198
            ],
            [
              6.93713091,
              43.51421609
            ],
            [
              6.93709821,
              43.51421961
            ],
            [
              6.93707368,
              43.51421811
            ],
            [
              6.93705194,
              43.5142327
            ],
            [
              6.93704952,
              43.51423869
            ],
            [
              6.9370532,
              43.51425537
            ],
            [
              6.93706731,
              43.51425342
            ],
            [
              6.93707808,
              43.51425479
            ],
            [
              6.93708401,
              43.51426228
            ],
            [
              6.93708877,
              43.51427283
            ],
            [
              6.9370903,
              43.51428202
            ],
            [
              6.93708868,
              43.51429042
            ],
            [
              6.93708626,
              43.51429439
            ],
            [
              6.93707431,
              43.51430351
            ],
            [
              6.93707198,
              43.51430742
            ],
            [
              6.93707314,
              43.51431661
            ],
            [
              6.93707916,
              43.51432449
            ],
            [
              6.9371142,
              43.51433739
            ],
            [
              6.93713899,
              43.5143385
            ],
            [
              6.93714788,
              43.51434228
            ],
            [
              6.93716872,
              43.5143643
            ],
            [
              6.93718121,
              43.51438521
            ],
            [
              6.93718687,
              43.51438938
            ],
            [
              6.93720178,
              43.51439531
            ],
            [
              6.9372052,
              43.51439902
            ],
            [
              6.93721238,
              43.51442019
            ],
            [
              6.93723457,
              43.51443433
            ],
            [
              6.93723969,
              43.51444032
            ],
            [
              6.93724382,
              43.51446742
            ],
            [
              6.93725344,
              43.51449231
            ],
            [
              6.93725389,
              43.51451022
            ],
            [
              6.93725856,
              43.51453322
            ],
            [
              6.93728802,
              43.51460319
            ],
            [
              6.93729916,
              43.51461061
            ],
            [
              6.93731317,
              43.51461218
            ],
            [
              6.93732449,
              43.51461752
            ],
            [
              6.93732809,
              43.5146224
            ],
            [
              6.93733509,
              43.5146413
            ],
            [
              6.93734587,
              43.51464898
            ],
            [
              6.93735764,
              43.51465231
            ],
            [
              6.93737642,
              43.51465302
            ],
            [
              6.93738207,
              43.51465719
            ],
            [
              6.93738872,
              43.51466592
            ],
            [
              6.93740336,
              43.51467498
            ],
            [
              6.93745439,
              43.51469211
            ],
            [
              6.93753128,
              43.51472729
            ],
            [
              6.9375568,
              43.51474351
            ],
            [
              6.93759866,
              43.51475921
            ],
            [
              6.93761932,
              43.5147652
            ],
            [
              6.93763378,
              43.51477471
            ],
            [
              6.93766549,
              43.51478162
            ],
            [
              6.9376955,
              43.51479269
            ],
            [
              6.93771472,
              43.51479778
            ],
            [
              6.93772487,
              43.51479888
            ],
            [
              6.93774023,
              43.51479751
            ],
            [
              6.93775694,
              43.51479191
            ],
            [
              6.93778209,
              43.51477758
            ],
            [
              6.93781821,
              43.51477282
            ],
            [
              6.93784596,
              43.51475921
            ],
            [
              6.93788576,
              43.51474742
            ],
            [
              6.93789923,
              43.51474507
            ],
            [
              6.93791909,
              43.51473862
            ],
            [
              6.93793634,
              43.51473498
            ],
            [
              6.93795197,
              43.51472709
            ],
            [
              6.93796499,
              43.51472462
            ],
            [
              6.93800173,
              43.51471387
            ],
            [
              6.9380223,
              43.5147052
            ],
            [
              6.93803677,
              43.51470201
            ],
            [
              6.93805509,
              43.51469289
            ],
            [
              6.93807971,
              43.51468488
            ],
            [
              6.93810971,
              43.51467628
            ],
            [
              6.9381345,
              43.51467302
            ],
            [
              6.93815283,
              43.51466931
            ],
            [
              6.93818472,
              43.51466338
            ],
            [
              6.9382052,
              43.5146566
            ],
            [
              6.93821904,
              43.51465771
            ],
            [
              6.93823107,
              43.51466507
            ],
            [
              6.93823503,
              43.51467432
            ],
            [
              6.93880393,
              43.51450091
            ],
            [
              6.93878533,
              43.51449921
            ],
            [
              6.93875766,
              43.5144826
            ],
            [
              6.93876764,
              43.51444201
            ],
            [
              6.93913586,
              43.5143314
            ],
            [
              6.93917017,
              43.51427159
            ],
            [
              6.93922982,
              43.51421993
            ],
            [
              6.93931211,
              43.51419257
            ],
            [
              6.93937382,
              43.51419029
            ],
            [
              6.93944434,
              43.51420762
            ],
            [
              6.93948341,
              43.51425511
            ],
            [
              6.95353567,
              43.5064903
            ]
          ]
        ]
      },
      "geometry_name": "geometry",
      "properties": {
        "inspireid": "FR000035832000003",
        "catach": "8",
        "restrn": "2",
        "perend": null,
        "persta": null,
        "status": null,
        "objnam": null,
        "nobjnm": null,
        "inform": "Small craft moorings (See French sailing directions)",
        "ninfom": "Mouillage sur bouées (Voir Instructions Nautiques)"
      }
    },
    {
      "type": "Feature",
      "id": "achare_polygon.471",
      "geometry": {
        "type": "Polygon",
        "coordinates": [
          [
            [
              7.13475003,
              43.58333333
            ],
            [
              7.13870001,
              43.58333333
            ],
            [
              7.14074997,
              43.57883327
            ],
            [
              7.1357167,
              43.57883327
            ],
            [
              7.13475003,
              43.58333333
            ]
          ]
        ]
      },
      "geometry_name": "geometry",
      "properties": {
        "inspireid": "FR000016564800003",
        "catach": null,
        "restrn": "2",
        "perend": null,
        "persta": null,
        "status": null,
        "objnam": null,
        "nobjnm": null,
        "inform": null,
        "ninfom": null
      }
    },
    {
      "type": "Feature",
      "id": "achare_polygon.119",
      "geometry": {
        "type": "Polygon",
        "coordinates": [
          [
            [
              7.11310027,
              43.55208408
            ],
            [
              7.11543499,
              43.54605001
            ],
            [
              7.11606498,
              43.54446498
            ],
            [
              7.11626503,
              43.54236503
            ],
            [
              7.10699999,
              43.53966501
            ],
            [
              7.10671504,
              43.54038502
            ],
            [
              7.10268826,
              43.55112618
            ],
            [
              7.10268502,
              43.55113503
            ],
            [
              7.10088498,
              43.55574998
            ],
            [
              7.10593504,
              43.55674999
            ],
            [
              7.10793496,
              43.55143497
            ],
            [
              7.11310027,
              43.55208408
            ]
          ]
        ]
      },
      "geometry_name": "geometry",
      "properties": {
        "inspireid": "FR000049890900003",
        "catach": null,
        "restrn": null,
        "perend": null,
        "persta": null,
        "status": "9",
        "objnam": null,
        "nobjnm": null,
        "inform": "Mandatory anchoring area for vessels of a length greater than or equal to 80 m (see French sailing directions).",
        "ninfom": "Zone de mouillage obligatoire pour les navires de 80 m et plus (voir Instructions Nautiques)."
      }
    },
    {
      "type": "Feature",
      "id": "achare_polygon.120",
      "geometry": {
        "type": "Polygon",
        "coordinates": [
          [
            [
              7.05083498,
              43.52800002
            ],
            [
              7.05833502,
              43.53833501
            ],
            [
              7.06499998,
              43.53833501
            ],
            [
              7.07,
              43.53499999
            ],
            [
              7.07,
              43.52999998
            ],
            [
              7.06264999,
              43.52408499
            ],
            [
              7.06068501,
              43.52373501
            ],
            [
              7.05083498,
              43.52800002
            ]
          ]
        ]
      },
      "geometry_name": "geometry",
      "properties": {
        "inspireid": "FR000049890500003",
        "catach": null,
        "restrn": null,
        "perend": null,
        "persta": null,
        "status": "9",
        "objnam": null,
        "nobjnm": null,
        "inform": "Mandatory anchoring area for vessels of a length greater than or equal to 80 m (see French sailing directions).",
        "ninfom": "Zone de mouillage obligatoire pour les navires de 80 m et plus (voir Instructions Nautiques)."
      }
    },
    {
      "type": "Feature",
      "id": "achare_polygon.121",
      "geometry": {
        "type": "Polygon",
        "coordinates": [
          [
            [
              7.02208503,
              43.538835
            ],
            [
              7.02708496,
              43.533865
            ],
            [
              7.02830003,
              43.52988502
            ],
            [
              7.02478501,
              43.52856497
            ],
            [
              7.02511496,
              43.52638501
            ],
            [
              7.00816501,
              43.52533499
            ],
            [
              7.00349997,
              43.52934998
            ],
            [
              7.01133498,
              43.54145002
            ],
            [
              7.01961502,
              43.54138503
            ],
            [
              7.02208503,
              43.538835
            ]
          ]
        ]
      },
      "geometry_name": "geometry",
      "properties": {
        "inspireid": "FR000049890800003",
        "catach": null,
        "restrn": null,
        "perend": null,
        "persta": null,
        "status": "9",
        "objnam": null,
        "nobjnm": null,
        "inform": "Mandatory anchoring area for vessels of a length greater than or equal to 80 m (see French sailing directions).",
        "ninfom": "Zone de mouillage obligatoire pour les navires de 80 m et plus (voir Instructions Nautiques)."
      }
    },
    {
      "type": "Feature",
      "id": "achare_polygon.122",
      "geometry": {
        "type": "Polygon",
        "coordinates": [
          [
            [
              6.93782997,
              43.51497002
            ],
            [
              6.939215,
              43.51421498
            ],
            [
              6.94583504,
              43.507715
            ],
            [
              6.95581497,
              43.50718498
            ],
            [
              6.95361499,
              43.5064
            ],
            [
              6.95352004,
              43.50642997
            ],
            [
              6.95344,
              43.50644
            ],
            [
              6.95306998,
              43.50635003
            ],
            [
              6.95284999,
              43.50633002
            ],
            [
              6.95258004,
              43.50633002
            ],
            [
              6.95236004,
              43.5064
            ],
            [
              6.95213996,
              43.50635003
            ],
            [
              6.95193002,
              43.50621998
            ],
            [
              6.95152003,
              43.50604999
            ],
            [
              6.95124003,
              43.50598001
            ],
            [
              6.95087001,
              43.50594001
            ],
            [
              6.95059998,
              43.50594001
            ],
            [
              6.95031997,
              43.50598001
            ],
            [
              6.95002002,
              43.50604999
            ],
            [
              6.94959,
              43.50619001
            ],
            [
              6.94946998,
              43.50621001
            ],
            [
              6.94930999,
              43.50621001
            ],
            [
              6.94758002,
              43.50615997
            ],
            [
              6.94742003,
              43.50614003
            ],
            [
              6.94731996,
              43.50606999
            ],
            [
              6.94724001,
              43.50604002
            ],
            [
              6.94712996,
              43.50602999
            ],
            [
              6.94565996,
              43.50633002
            ],
            [
              6.94464001,
              43.50650998
            ],
            [
              6.94408,
              43.50658002
            ],
            [
              6.94371996,
              43.50667
            ],
            [
              6.94355997,
              43.50673001
            ],
            [
              6.94288003,
              43.50700997
            ],
            [
              6.94254002,
              43.50702001
            ],
            [
              6.94244004,
              43.50702998
            ],
            [
              6.94233,
              43.50714002
            ],
            [
              6.94208997,
              43.50768998
            ],
            [
              6.94167,
              43.50869998
            ],
            [
              6.94158996,
              43.50877998
            ],
            [
              6.94138003,
              43.50879999
            ],
            [
              6.94129999,
              43.50879999
            ],
            [
              6.94058996,
              43.50859997
            ],
            [
              6.94029998,
              43.50858003
            ],
            [
              6.93975003,
              43.50863
            ],
            [
              6.93959004,
              43.50846002
            ],
            [
              6.93931004,
              43.50832001
            ],
            [
              6.93926,
              43.50832001
            ],
            [
              6.93894999,
              43.50842002
            ],
            [
              6.93860998,
              43.50854003
            ],
            [
              6.93829997,
              43.50861997
            ],
            [
              6.93825003,
              43.50865997
            ],
            [
              6.93822002,
              43.50877002
            ],
            [
              6.93822002,
              43.50892
            ],
            [
              6.93819999,
              43.50897003
            ],
            [
              6.93767996,
              43.50951001
            ],
            [
              6.93744999,
              43.50988
            ],
            [
              6.93732997,
              43.51016999
            ],
            [
              6.93725999,
              43.51047997
            ],
            [
              6.93722999,
              43.51067998
            ],
            [
              6.93722999,
              43.51089003
            ],
            [
              6.93760001,
              43.51108997
            ],
            [
              6.93769002,
              43.51132998
            ],
            [
              6.93784004,
              43.51225998
            ],
            [
              6.93779997,
              43.51237998
            ],
            [
              6.93750002,
              43.51247998
            ],
            [
              6.93738001,
              43.51255999
            ],
            [
              6.93728003,
              43.51265999
            ],
            [
              6.93726997,
              43.51275999
            ],
            [
              6.93738001,
              43.51295999
            ],
            [
              6.93769002,
              43.51338
            ],
            [
              6.93763001,
              43.51368
            ],
            [
              6.93756003,
              43.5138
            ],
            [
              6.93735998,
              43.51403003
            ],
            [
              6.93726997,
              43.51419003
            ],
            [
              6.93725002,
              43.51435003
            ],
            [
              6.93729997,
              43.51447999
            ],
            [
              6.93738998,
              43.51461003
            ],
            [
              6.93772999,
              43.51487002
            ],
            [
              6.93782997,
              43.51497002
            ]
          ]
        ]
      },
      "geometry_name": "geometry",
      "properties": {
        "inspireid": "FR000050749600003",
        "catach": null,
        "restrn": "2",
        "perend": null,
        "persta": null,
        "status": null,
        "objnam": null,
        "nobjnm": null,
        "inform": "Anchoring and stopping prohibited for vessels of an overall length greater than or equal to 24 m (see French sailing directions).",
        "ninfom": "Mouillage et arrêt interdits aux navires de longueur hors tout supérieure ou égale à 24 m (voir Instructions Nautiques)."
      }
    },
    {
      "type": "Feature",
      "id": "achare_polygon.123",
      "geometry": {
        "type": "Polygon",
        "coordinates": [
          [
            [
              7.12230001,
              43.54196672
            ],
            [
              7.12231878,
              43.54218453
            ],
            [
              7.12217577,
              43.54239251
            ],
            [
              7.12231878,
              43.54278099
            ],
            [
              7.1225068,
              43.5428084
            ],
            [
              7.12264226,
              43.54295068
            ],
            [
              7.12275509,
              43.54293421
            ],
            [
              7.12283792,
              43.54297803
            ],
            [
              7.12295066,
              43.54321329
            ],
            [
              7.12278519,
              43.54330087
            ],
            [
              7.12273246,
              43.54340492
            ],
            [
              7.12255953,
              43.54348703
            ],
            [
              7.12240897,
              43.5434322
            ],
            [
              7.12207049,
              43.54353072
            ],
            [
              7.12204039,
              43.54338851
            ],
            [
              7.12189747,
              43.54335009
            ],
            [
              7.12188238,
              43.54350337
            ],
            [
              7.12180719,
              43.54364018
            ],
            [
              7.12188993,
              43.54370588
            ],
            [
              7.12176964,
              43.54381527
            ],
            [
              7.121732,
              43.54390292
            ],
            [
              7.121732,
              43.54399043
            ],
            [
              7.1215138,
              43.54397949
            ],
            [
              7.12115268,
              43.54403419
            ],
            [
              7.12082174,
              43.54432967
            ],
            [
              7.12076901,
              43.54459781
            ],
            [
              7.12092702,
              43.54480031
            ],
            [
              7.12097212,
              43.54498087
            ],
            [
              7.1210173,
              43.54517243
            ],
            [
              7.12110004,
              43.54526001
            ],
            [
              7.12130324,
              43.54529829
            ],
            [
              7.1212956,
              43.54521072
            ],
            [
              7.12137842,
              43.54515049
            ],
            [
              7.1214988,
              43.54518337
            ],
            [
              7.12158153,
              43.54516703
            ],
            [
              7.12173946,
              43.54523813
            ],
            [
              7.12163418,
              43.54548439
            ],
            [
              7.12186738,
              43.54559377
            ],
            [
              7.12191247,
              43.54575799
            ],
            [
              7.12217577,
              43.54582362
            ],
            [
              7.12223596,
              43.5459276
            ],
            [
              7.12238651,
              43.54598777
            ],
            [
              7.12247671,
              43.54609722
            ],
            [
              7.12334942,
              43.5462012
            ],
            [
              7.1234397,
              43.54615738
            ],
            [
              7.12357508,
              43.54624502
            ],
            [
              7.12383092,
              43.54623949
            ],
            [
              7.12410921,
              43.54625049
            ],
            [
              7.12425968,
              43.54636542
            ],
            [
              7.12442524,
              43.54634901
            ],
            [
              7.12459071,
              43.546338
            ],
            [
              7.12470363,
              43.54622862
            ],
            [
              7.12480891,
              43.54614651
            ],
            [
              7.12500447,
              43.54619567
            ],
            [
              7.12508721,
              43.54615198
            ],
            [
              7.12580936,
              43.5462012
            ],
            [
              7.12584709,
              43.54632713
            ],
            [
              7.12602757,
              43.54648027
            ],
            [
              7.12616303,
              43.54650221
            ],
            [
              7.12647897,
              43.54645839
            ],
            [
              7.12655416,
              43.54650221
            ],
            [
              7.12673481,
              43.54651309
            ],
            [
              7.12695301,
              43.5466116
            ],
            [
              7.1277429,
              43.54662801
            ],
            [
              7.12791591,
              43.54665542
            ],
            [
              7.12803629,
              43.54660613
            ],
            [
              7.1284275,
              43.54652409
            ],
            [
              7.12851024,
              43.54643652
            ],
            [
              7.12854779,
              43.5464037
            ],
            [
              7.12898419,
              43.54637082
            ],
            [
              7.12919476,
              43.54649668
            ],
            [
              7.12931522,
              43.54649121
            ],
            [
              7.12942796,
              43.5464037
            ],
            [
              7.12927758,
              43.54628878
            ],
            [
              7.12935277,
              43.54619567
            ],
            [
              7.12936777,
              43.54604253
            ],
            [
              7.12943559,
              43.54597142
            ],
            [
              7.12935277,
              43.5459112
            ],
            [
              7.12934531,
              43.54578527
            ],
            [
              7.12914966,
              43.5456376
            ],
            [
              7.12911211,
              43.5455062
            ],
            [
              7.12917984,
              43.54532017
            ],
            [
              7.12936777,
              43.54511767
            ],
            [
              7.12942796,
              43.54499181
            ],
            [
              7.12935277,
              43.54485501
            ],
            [
              7.1294055,
              43.54452671
            ],
            [
              7.12920994,
              43.54435162
            ],
            [
              7.1292023,
              43.54424209
            ],
            [
              7.12921739,
              43.54408341
            ],
            [
              7.12931522,
              43.54402872
            ],
            [
              7.12949569,
              43.54391379
            ],
            [
              7.12967634,
              43.54382621
            ],
            [
              7.12987936,
              43.54379339
            ],
            [
              7.13007502,
              43.54379339
            ],
            [
              7.13021039,
              43.54382621
            ],
            [
              7.13039104,
              43.54396849
            ],
            [
              7.13072953,
              43.54412717
            ],
            [
              7.13088,
              43.54422569
            ],
            [
              7.13109056,
              43.54432967
            ],
            [
              7.13127121,
              43.54454858
            ],
            [
              7.13135386,
              43.54457053
            ],
            [
              7.13148932,
              43.54449389
            ],
            [
              7.13166243,
              43.54453771
            ],
            [
              7.13182044,
              43.54452117
            ],
            [
              7.13196327,
              43.5444556
            ],
            [
              7.13217393,
              43.54436802
            ],
            [
              7.13235449,
              43.54429139
            ],
            [
              7.13242968,
              43.54429139
            ],
            [
              7.13252751,
              43.54425857
            ],
            [
              7.13256506,
              43.54420928
            ],
            [
              7.13248987,
              43.54411082
            ],
            [
              7.13266674,
              43.544
            ],
            [
              7.12230001,
              43.54196672
            ]
          ]
        ]
      },
      "geometry_name": "geometry",
      "properties": {
        "inspireid": "FR000050759600003",
        "catach": null,
        "restrn": "2",
        "perend": null,
        "persta": null,
        "status": null,
        "objnam": null,
        "nobjnm": null,
        "inform": "In this area, anchorage is prohibited to vessels 20 metres or more in length (see French sailing directions).",
        "ninfom": "Dans cette zone, le mouillage est interdit aux navires de plus de 20 mètres de long (voir Instructions Nautiques)."
      }
    },
    {
      "type": "Feature",
      "id": "achare_polygon.124",
      "geometry": {
        "type": "Polygon",
        "coordinates": [
          [
            [
              7.11968339,
              43.55981027
            ],
            [
              7.11971501,
              43.55986437
            ],
            [
              7.1197257,
              43.55988279
            ],
            [
              7.11977942,
              43.55990772
            ],
            [
              7.12008323,
              43.5600482
            ],
            [
              7.120307,
              43.56026152
            ],
            [
              7.12039728,
              43.56034758
            ],
            [
              7.12042037,
              43.56033762
            ],
            [
              7.12125311,
              43.55997731
            ],
            [
              7.12159743,
              43.55944801
            ],
            [
              7.12160516,
              43.55943603
            ],
            [
              7.12161306,
              43.55942379
            ],
            [
              7.12163229,
              43.5593943
            ],
            [
              7.12163337,
              43.55934691
            ],
            [
              7.12165403,
              43.5584647
            ],
            [
              7.12167586,
              43.55840312
            ],
            [
              7.12181653,
              43.55800778
            ],
            [
              7.12182776,
              43.557979
            ],
            [
              7.12198982,
              43.5575666
            ],
            [
              7.12196017,
              43.55710003
            ],
            [
              7.12195883,
              43.55707809
            ],
            [
              7.12195793,
              43.5570641
            ],
            [
              7.1219573,
              43.55705453
            ],
            [
              7.12194311,
              43.55703773
            ],
            [
              7.12152404,
              43.55654238
            ],
            [
              7.12123146,
              43.5562036
            ],
            [
              7.1212223,
              43.55617483
            ],
            [
              7.12122023,
              43.55616819
            ],
            [
              7.12118897,
              43.5560706
            ],
            [
              7.12118879,
              43.55606988
            ],
            [
              7.1210906,
              43.55576241
            ],
            [
              7.12108279,
              43.5556962
            ],
            [
              7.12107884,
              43.55566228
            ],
            [
              7.12107686,
              43.5556462
            ],
            [
              7.12106312,
              43.55552902
            ],
            [
              7.12105809,
              43.55548658
            ],
            [
              7.12106312,
              43.555469
            ],
            [
              7.12111351,
              43.55529179
            ],
            [
              7.12112312,
              43.5552582
            ],
            [
              7.12117307,
              43.55522702
            ],
            [
              7.12135058,
              43.55511628
            ],
            [
              7.1215129,
              43.55501901
            ],
            [
              7.12154731,
              43.55499831
            ],
            [
              7.12156986,
              43.55498477
            ],
            [
              7.12196808,
              43.55474598
            ],
            [
              7.12210022,
              43.5545991
            ],
            [
              7.12210777,
              43.55459071
            ],
            [
              7.12213166,
              43.55456408
            ],
            [
              7.12213741,
              43.55455783
            ],
            [
              7.12214738,
              43.55454663
            ],
            [
              7.12215232,
              43.55454123
            ],
            [
              7.12215466,
              43.55453368
            ],
            [
              7.12228231,
              43.55413147
            ],
            [
              7.12220649,
              43.5539109
            ],
            [
              7.12194652,
              43.55381631
            ],
            [
              7.12198982,
              43.55360361
            ],
            [
              7.12185983,
              43.55343031
            ],
            [
              7.12185983,
              43.55314658
            ],
            [
              7.12155647,
              43.55298122
            ],
            [
              7.12158899,
              43.55287868
            ],
            [
              7.12188148,
              43.55288662
            ],
            [
              7.12201147,
              43.55283942
            ],
            [
              7.12207651,
              43.55257152
            ],
            [
              7.12190502,
              43.55247047
            ],
            [
              7.12188022,
              43.55245589
            ],
            [
              7.12184896,
              43.55243753
            ],
            [
              7.12178401,
              43.55221689
            ],
            [
              7.12115564,
              43.55209078
            ],
            [
              7.1211534,
              43.55208609
            ],
            [
              7.12107982,
              43.55192541
            ],
            [
              7.12112312,
              43.55176779
            ],
            [
              7.12100401,
              43.55135021
            ],
            [
              7.12050571,
              43.5511375
            ],
            [
              7.12021322,
              43.55114532
            ],
            [
              7.11998568,
              43.55122409
            ],
            [
              7.11987734,
              43.55140542
            ],
            [
              7.11987734,
              43.55169689
            ],
            [
              7.11980152,
              43.55171258
            ],
            [
              7.11970397,
              43.55164168
            ],
            [
              7.11966067,
              43.55145262
            ],
            [
              7.11934653,
              43.55139747
            ],
            [
              7.11872902,
              43.55100351
            ],
            [
              7.11843653,
              43.5503574
            ],
            [
              7.11829568,
              43.55023923
            ],
            [
              7.11831742,
              43.55001858
            ],
            [
              7.11789494,
              43.5497349
            ],
            [
              7.11776486,
              43.54946698
            ],
            [
              7.11754819,
              43.54921488
            ],
            [
              7.11730987,
              43.54916762
            ],
            [
              7.11724492,
              43.54908089
            ],
            [
              7.11704989,
              43.54908089
            ],
            [
              7.11688326,
              43.54900003
            ],
            [
              7.11253334,
              43.56252
            ],
            [
              7.11321489,
              43.56192322
            ],
            [
              7.11400577,
              43.5615372
            ],
            [
              7.11478569,
              43.56115112
            ],
            [
              7.11541406,
              43.56081243
            ],
            [
              7.11586906,
              43.5607336
            ],
            [
              7.11636744,
              43.56070209
            ],
            [
              7.11683322,
              43.56077298
            ],
            [
              7.11727744,
              43.56104079
            ],
            [
              7.11760236,
              43.560836
            ],
            [
              7.1178299,
              43.56051299
            ],
            [
              7.11789494,
              43.56031607
            ],
            [
              7.11786242,
              43.55997731
            ],
            [
              7.11738568,
              43.55985909
            ],
            [
              7.11685487,
              43.55982759
            ],
            [
              7.11689817,
              43.55969368
            ],
            [
              7.11733151,
              43.5596543
            ],
            [
              7.11784068,
              43.55973313
            ],
            [
              7.11825238,
              43.5598119
            ],
            [
              7.11858817,
              43.55977252
            ],
            [
              7.11902152,
              43.55957553
            ],
            [
              7.11925984,
              43.55932341
            ],
            [
              7.11938982,
              43.55930772
            ],
            [
              7.11968339,
              43.55981027
            ]
          ]
        ]
      },
      "geometry_name": "geometry",
      "properties": {
        "inspireid": "FR000050759400003",
        "catach": null,
        "restrn": "2",
        "perend": null,
        "persta": null,
        "status": null,
        "objnam": null,
        "nobjnm": null,
        "inform": "In this area, anchorage is prohibited to vessels 20 metres or more in length (see French sailing directions).",
        "ninfom": "Dans cette zone, le mouillage est interdit aux navires de plus de 20 mètres de long (voir Instructions Nautiques)."
      }
    },
    {
      "type": "Feature",
      "id": "achare_polygon.125",
      "geometry": {
        "type": "Polygon",
        "coordinates": [
          [
            [
              7.10268502,
              43.55113503
            ],
            [
              7.10264999,
              43.55113002
            ],
            [
              7.09949996,
              43.55051502
            ],
            [
              7.09756498,
              43.55726499
            ],
            [
              7.09941498,
              43.558685
            ],
            [
              7.10339002,
              43.55992999
            ],
            [
              7.10531502,
              43.55908502
            ],
            [
              7.11066503,
              43.55833503
            ],
            [
              7.11310027,
              43.55208408
            ],
            [
              7.10793496,
              43.55143497
            ],
            [
              7.10593504,
              43.55674999
            ],
            [
              7.10088498,
              43.55574998
            ],
            [
              7.10268502,
              43.55113503
            ]
          ]
        ]
      },
      "geometry_name": "geometry",
      "properties": {
        "inspireid": "FR000049891000003",
        "catach": null,
        "restrn": null,
        "perend": null,
        "persta": null,
        "status": "9",
        "objnam": null,
        "nobjnm": null,
        "inform": "Mandatory anchoring area for vessels between 24 m and 80 m in length (see French sailing directions).",
        "ninfom": "Zone de mouillage obligatoire pour les navires d'une longueur comprise entre 24 m et 80 m (voir Instructions Nautiques)."
      }
    },
    {
      "type": "Feature",
      "id": "achare_polygon.126",
      "geometry": {
        "type": "Polygon",
        "coordinates": [
          [
            [
              7.11606498,
              43.54446498
            ],
            [
              7.11686673,
              43.5456833
            ],
            [
              7.11543499,
              43.54605001
            ],
            [
              7.11310027,
              43.55208408
            ],
            [
              7.11066503,
              43.55833503
            ],
            [
              7.10531502,
              43.55908502
            ],
            [
              7.10339002,
              43.55992999
            ],
            [
              7.09941498,
              43.558685
            ],
            [
              7.09756498,
              43.55726499
            ],
            [
              7.09949996,
              43.55051502
            ],
            [
              7.10268826,
              43.55112618
            ],
            [
              7.10275931,
              43.55113978
            ],
            [
              7.10671504,
              43.54038502
            ],
            [
              7.09889997,
              43.5367333
            ],
            [
              7.09543328,
              43.53706672
            ],
            [
              7.08975,
              43.53441668
            ],
            [
              7.08481672,
              43.53531669
            ],
            [
              7.0830333,
              43.53731672
            ],
            [
              7.08178329,
              43.54081669
            ],
            [
              7.08821667,
              43.54308332
            ],
            [
              7.09013331,
              43.54584999
            ],
            [
              7.08161674,
              43.54701672
            ],
            [
              7.08013327,
              43.55088333
            ],
            [
              7.07436671,
              43.55044998
            ],
            [
              7.07636672,
              43.54715
            ],
            [
              7.06456672,
              43.54370002
            ],
            [
              7.06281671,
              43.54633332
            ],
            [
              7.05476673,
              43.5405333
            ],
            [
              7.0527333,
              43.53815001
            ],
            [
              7.05200001,
              43.53338327
            ],
            [
              7.04906674,
              43.5298167
            ],
            [
              7.04586667,
              43.52789998
            ],
            [
              7.04551669,
              43.52556667
            ],
            [
              7.04890001,
              43.52561669
            ],
            [
              7.05055004,
              43.52488328
            ],
            [
              7.05281739,
              43.52367698
            ],
            [
              7.05518328,
              43.52281672
            ],
            [
              7.05704998,
              43.52261669
            ],
            [
              7.05828327,
              43.52225003
            ],
            [
              7.06151667,
              43.52291671
            ],
            [
              7.0649167,
              43.52344998
            ],
            [
              7.06791672,
              43.52315003
            ],
            [
              7.06843334,
              43.52146668
            ],
            [
              7.07325002,
              43.5201667
            ],
            [
              7.07825004,
              43.51375003
            ],
            [
              7.07600003,
              43.51209997
            ],
            [
              7.06433334,
              43.5138
            ],
            [
              7.06045001,
              43.51083328
            ],
            [
              7.06335004,
              43.5091333
            ],
            [
              7.06364999,
              43.50573327
            ],
            [
              7.05863326,
              43.50231669
            ],
            [
              7.0569667,
              43.49845003
            ],
            [
              7.05344998,
              43.49501668
            ],
            [
              7.04758326,
              43.4952
            ],
            [
              7.03945,
              43.50146668
            ],
            [
              7.03728327,
              43.50179998
            ],
            [
              7.02866672,
              43.50471671
            ],
            [
              7.03159999,
              43.51026667
            ],
            [
              7.03451673,
              43.51148328
            ],
            [
              7.03386671,
              43.51275002
            ],
            [
              7.03215003,
              43.51268331
            ],
            [
              7.03251672,
              43.51378332
            ],
            [
              7.03421669,
              43.51433329
            ],
            [
              7.03354996,
              43.5152833
            ],
            [
              7.03143326,
              43.51561671
            ],
            [
              7.02548327,
              43.52408329
            ],
            [
              7.0247833,
              43.52856673
            ],
            [
              7.02830003,
              43.52988333
            ],
            [
              7.02708326,
              43.53385003
            ],
            [
              7.02208332,
              43.53883331
            ],
            [
              7.02543332,
              43.54166673
            ],
            [
              7.02524998,
              43.53898328
            ],
            [
              7.02595003,
              43.53879997
            ],
            [
              7.02891672,
              43.54245001
            ],
            [
              7.02341669,
              43.5456333
            ],
            [
              7.01950004,
              43.54255003
            ],
            [
              7.0198167,
              43.54224997
            ],
            [
              7.01833331,
              43.54141668
            ],
            [
              7.01123329,
              43.54148329
            ],
            [
              7.00843333,
              43.53703331
            ],
            [
              7.00481672,
              43.53848329
            ],
            [
              7.00533334,
              43.53986668
            ],
            [
              7.0004333,
              43.54229998
            ],
            [
              6.98401668,
              43.5429667
            ],
            [
              6.9715,
              43.54020002
            ],
            [
              6.96410004,
              43.53496671
            ],
            [
              6.96974999,
              43.53096668
            ],
            [
              6.96803331,
              43.52966671
            ],
            [
              6.96213327,
              43.5338667
            ],
            [
              6.96116668,
              43.53331672
            ],
            [
              6.95826674,
              43.53426669
            ],
            [
              6.95431667,
              43.5308333
            ],
            [
              6.95155003,
              43.53274999
            ],
            [
              6.95083084,
              43.53326709
            ],
            [
              6.95128,
              43.53329998
            ],
            [
              6.95140999,
              43.53334003
            ],
            [
              6.95156998,
              43.53342997
            ],
            [
              6.95168999,
              43.53353
            ],
            [
              6.95172997,
              43.53360997
            ],
            [
              6.95172997,
              43.53376002
            ],
            [
              6.95162001,
              43.53411
            ],
            [
              6.95161004,
              43.53436002
            ],
            [
              6.95175997,
              43.53469
            ],
            [
              6.95203998,
              43.53496
            ],
            [
              6.95222997,
              43.53508003
            ],
            [
              6.95246003,
              43.53516
            ],
            [
              6.95284999,
              43.53519999
            ],
            [
              6.95337002,
              43.53519002
            ],
            [
              6.95347997,
              43.53521998
            ],
            [
              6.95346003,
              43.53530998
            ],
            [
              6.95287999,
              43.53577001
            ],
            [
              6.95285996,
              43.53582999
            ],
            [
              6.95305004,
              43.53593998
            ],
            [
              6.95334002,
              43.53615
            ],
            [
              6.95374004,
              43.53645002
            ],
            [
              6.95494998,
              43.53727999
            ],
            [
              6.95541998,
              43.5376
            ],
            [
              6.95610997,
              43.53813998
            ],
            [
              6.95694002,
              43.53873999
            ],
            [
              6.95760998,
              43.53918001
            ],
            [
              6.95788998,
              43.53935003
            ],
            [
              6.95822002,
              43.53953998
            ],
            [
              6.95991003,
              43.54054997
            ],
            [
              6.96229999,
              43.54185003
            ],
            [
              6.96319004,
              43.54224997
            ],
            [
              6.96405,
              43.54261
            ],
            [
              6.96527,
              43.54309999
            ],
            [
              6.96655998,
              43.54353997
            ],
            [
              6.96659996,
              43.54358001
            ],
            [
              6.96661002,
              43.54370998
            ],
            [
              6.96743997,
              43.54398997
            ],
            [
              6.96755999,
              43.544
            ],
            [
              6.96764003,
              43.54394999
            ],
            [
              6.96780999,
              43.54372001
            ],
            [
              6.96786003,
              43.54368999
            ],
            [
              6.96798004,
              43.54370998
            ],
            [
              6.96799998,
              43.54372997
            ],
            [
              6.96786003,
              43.54414
            ],
            [
              6.96834997,
              43.54434999
            ],
            [
              6.96947996,
              43.54474998
            ],
            [
              6.97043002,
              43.54507997
            ],
            [
              6.97341,
              43.54581001
            ],
            [
              6.97525999,
              43.54627003
            ],
            [
              6.97722999,
              43.54684001
            ],
            [
              6.9787,
              43.54725001
            ],
            [
              6.98039,
              43.54749001
            ],
            [
              6.98086,
              43.54752999
            ],
            [
              6.98223002,
              43.54771998
            ],
            [
              6.9833,
              43.54790997
            ],
            [
              6.98370999,
              43.54792
            ],
            [
              6.98467999,
              43.54805002
            ],
            [
              6.98608999,
              43.54831
            ],
            [
              6.98658002,
              43.54844999
            ],
            [
              6.98759997,
              43.54865
            ],
            [
              6.98852002,
              43.54880001
            ],
            [
              6.98943998,
              43.54885002
            ],
            [
              6.99036004,
              43.54883999
            ],
            [
              6.99103,
              43.54887
            ],
            [
              6.99290003,
              43.54890998
            ],
            [
              6.99391,
              43.54888999
            ],
            [
              6.99601996,
              43.54888999
            ],
            [
              6.99716999,
              43.54890998
            ],
            [
              6.99813999,
              43.54890002
            ],
            [
              7.00097004,
              43.54877
            ],
            [
              7.00330997,
              43.54868002
            ],
            [
              7.00437996,
              43.54863998
            ],
            [
              7.00633999,
              43.54841001
            ],
            [
              7.00817004,
              43.54820003
            ],
            [
              7.00940998,
              43.54795997
            ],
            [
              7.01028,
              43.5478
            ],
            [
              7.01131998,
              43.54749997
            ],
            [
              7.01190002,
              43.54704999
            ],
            [
              7.01218003,
              43.54706002
            ],
            [
              7.01432997,
              43.54598998
            ],
            [
              7.01412003,
              43.5471
            ],
            [
              7.01494998,
              43.54718998
            ],
            [
              7.01432997,
              43.54754001
            ],
            [
              7.01403002,
              43.54771002
            ],
            [
              7.01281999,
              43.54839002
            ],
            [
              7.01235996,
              43.55056001
            ],
            [
              7.01316,
              43.55069003
            ],
            [
              7.01406002,
              43.55096002
            ],
            [
              7.01466998,
              43.55101999
            ],
            [
              7.01513,
              43.55106999
            ],
            [
              7.01553002,
              43.5511
            ],
            [
              7.01554,
              43.55093001
            ],
            [
              7.01579,
              43.55093997
            ],
            [
              7.01626997,
              43.55095
            ],
            [
              7.01659004,
              43.55096002
            ],
            [
              7.01701997,
              43.54887
            ],
            [
              7.01607,
              43.54776998
            ],
            [
              7.01610001,
              43.54759002
            ],
            [
              7.01632,
              43.54752999
            ],
            [
              7.01729998,
              43.54851002
            ],
            [
              7.01764996,
              43.54863998
            ],
            [
              7.01795,
              43.54875001
            ],
            [
              7.01841002,
              43.54900003
            ],
            [
              7.01850003,
              43.54912002
            ],
            [
              7.01876998,
              43.54949999
            ],
            [
              7.01928004,
              43.54971003
            ],
            [
              7.02001998,
              43.54982
            ],
            [
              7.02145998,
              43.54988003
            ],
            [
              7.02286998,
              43.54978002
            ],
            [
              7.02355,
              43.54963001
            ],
            [
              7.02442002,
              43.54943
            ],
            [
              7.02473003,
              43.54936001
            ],
            [
              7.02630999,
              43.54892997
            ],
            [
              7.02678996,
              43.54865
            ],
            [
              7.02706996,
              43.54849999
            ],
            [
              7.02815001,
              43.54820999
            ],
            [
              7.02919996,
              43.54778001
            ],
            [
              7.02987001,
              43.54757999
            ],
            [
              7.03015002,
              43.54730998
            ],
            [
              7.03043002,
              43.54704999
            ],
            [
              7.03146003,
              43.54672997
            ],
            [
              7.03185996,
              43.54651999
            ],
            [
              7.03256002,
              43.54572999
            ],
            [
              7.03210996,
              43.54567002
            ],
            [
              7.03241997,
              43.54488001
            ],
            [
              7.03228998,
              43.54431001
            ],
            [
              7.03244997,
              43.54429998
            ],
            [
              7.03444001,
              43.54419
            ],
            [
              7.03438997,
              43.54381
            ],
            [
              7.03434003,
              43.54344998
            ],
            [
              7.03368004,
              43.54348
            ],
            [
              7.03351996,
              43.54248999
            ],
            [
              7.03381002,
              43.54245997
            ],
            [
              7.03418004,
              43.54241999
            ],
            [
              7.03403002,
              43.54096001
            ],
            [
              7.03365003,
              43.54099003
            ],
            [
              7.03353999,
              43.541
            ],
            [
              7.03343003,
              43.54045001
            ],
            [
              7.03322998,
              43.54013999
            ],
            [
              7.03291,
              43.54015998
            ],
            [
              7.03281999,
              43.53996
            ],
            [
              7.03304996,
              43.53987001
            ],
            [
              7.03274004,
              43.53937999
            ],
            [
              7.03319,
              43.53927
            ],
            [
              7.03387003,
              43.53916998
            ],
            [
              7.03471004,
              43.53889003
            ],
            [
              7.03529,
              43.53868998
            ],
            [
              7.03563998,
              43.53836998
            ],
            [
              7.03598996,
              43.53776
            ],
            [
              7.03660998,
              43.53781998
            ],
            [
              7.03654,
              43.53727003
            ],
            [
              7.03629,
              43.53697998
            ],
            [
              7.03615004,
              43.53679998
            ],
            [
              7.03613001,
              43.53652999
            ],
            [
              7.03597002,
              43.53627002
            ],
            [
              7.03559003,
              43.53627998
            ],
            [
              7.03500999,
              43.53631001
            ],
            [
              7.03525002,
              43.53598003
            ],
            [
              7.03594002,
              43.53579
            ],
            [
              7.03666002,
              43.53544999
            ],
            [
              7.03710001,
              43.53514997
            ],
            [
              7.03720997,
              43.53508003
            ],
            [
              7.03725003,
              43.53505001
            ],
            [
              7.03760999,
              43.53505997
            ],
            [
              7.03772003,
              43.53505997
            ],
            [
              7.03788002,
              43.53507
            ],
            [
              7.03828004,
              43.53508003
            ],
            [
              7.03835999,
              43.53514997
            ],
            [
              7.03848998,
              43.53526999
            ],
            [
              7.03873998,
              43.53548998
            ],
            [
              7.03879998,
              43.5357
            ],
            [
              7.03891003,
              43.53611998
            ],
            [
              7.03873998,
              43.53643999
            ],
            [
              7.03875004,
              43.53656997
            ],
            [
              7.03882999,
              43.53756001
            ],
            [
              7.03926998,
              43.53861002
            ],
            [
              7.03951998,
              43.53923002
            ],
            [
              7.03960999,
              43.54003
            ],
            [
              7.03967,
              43.54068997
            ],
            [
              7.04000004,
              43.54121
            ],
            [
              7.04076002,
              43.54185999
            ],
            [
              7.04089,
              43.54220003
            ],
            [
              7.04120998,
              43.54252001
            ],
            [
              7.04186998,
              43.54275
            ],
            [
              7.04232003,
              43.54290002
            ],
            [
              7.04274997,
              43.54304998
            ],
            [
              7.04321996,
              43.54297998
            ],
            [
              7.04399,
              43.54361003
            ],
            [
              7.04408001,
              43.54368003
            ],
            [
              7.04464002,
              43.54415999
            ],
            [
              7.04534996,
              43.54438001
            ],
            [
              7.04606996,
              43.54476997
            ],
            [
              7.04673004,
              43.54555002
            ],
            [
              7.04680999,
              43.54562002
            ],
            [
              7.04686003,
              43.54565003
            ],
            [
              7.04690997,
              43.54569001
            ],
            [
              7.04803997,
              43.54658002
            ],
            [
              7.04871002,
              43.54686
            ],
            [
              7.04928997,
              43.54692999
            ],
            [
              7.05084999,
              43.54711999
            ],
            [
              7.05119,
              43.54691
            ],
            [
              7.05169,
              43.54679997
            ],
            [
              7.05306999,
              43.54708997
            ],
            [
              7.05325001,
              43.54730002
            ],
            [
              7.05468004,
              43.54747002
            ],
            [
              7.05501996,
              43.54790997
            ],
            [
              7.05588001,
              43.54844999
            ],
            [
              7.05697003,
              43.54997997
            ],
            [
              7.05759004,
              43.55042003
            ],
            [
              7.0577,
              43.55086002
            ],
            [
              7.05820997,
              43.55143999
            ],
            [
              7.05839997,
              43.55192997
            ],
            [
              7.05942,
              43.55244001
            ],
            [
              7.05947004,
              43.55272998
            ],
            [
              7.05936,
              43.55302998
            ],
            [
              7.05944004,
              43.55314997
            ],
            [
              7.05998998,
              43.55344997
            ],
            [
              7.06027996,
              43.55400003
            ],
            [
              7.06168996,
              43.55505
            ],
            [
              7.06195002,
              43.55543
            ],
            [
              7.06246996,
              43.55579001
            ],
            [
              7.06274,
              43.55620998
            ],
            [
              7.06280998,
              43.55666998
            ],
            [
              7.06317002,
              43.55702998
            ],
            [
              7.06379004,
              43.55755
            ],
            [
              7.06401003,
              43.55797998
            ],
            [
              7.06436002,
              43.55799
            ],
            [
              7.06461002,
              43.55825997
            ],
            [
              7.06487996,
              43.55908997
            ],
            [
              7.06571998,
              43.56012
            ],
            [
              7.06736003,
              43.56115002
            ],
            [
              7.06777002,
              43.56200003
            ],
            [
              7.07047997,
              43.56381002
            ],
            [
              7.07131999,
              43.56415
            ],
            [
              7.07259002,
              43.56446999
            ],
            [
              7.07301996,
              43.56403003
            ],
            [
              7.07375999,
              43.56415
            ],
            [
              7.07456003,
              43.56415
            ],
            [
              7.07341001,
              43.56499001
            ],
            [
              7.07357,
              43.56513998
            ],
            [
              7.07344998,
              43.56530999
            ],
            [
              7.07359003,
              43.56535998
            ],
            [
              7.07409003,
              43.56557003
            ],
            [
              7.07454,
              43.56575001
            ],
            [
              7.07487004,
              43.56589002
            ],
            [
              7.07526,
              43.56603003
            ],
            [
              7.07600003,
              43.56616001
            ],
            [
              7.07641002,
              43.56622002
            ],
            [
              7.07678004,
              43.56628999
            ],
            [
              7.07716002,
              43.56636003
            ],
            [
              7.07798,
              43.56617999
            ],
            [
              7.07786996,
              43.56518001
            ],
            [
              7.07760002,
              43.56475001
            ],
            [
              7.07847004,
              43.56470002
            ],
            [
              7.07864997,
              43.56657997
            ],
            [
              7.07901998,
              43.56674002
            ],
            [
              7.07945001,
              43.56695
            ],
            [
              7.08023002,
              43.56731001
            ],
            [
              7.08067001,
              43.56751003
            ],
            [
              7.08096996,
              43.56764997
            ],
            [
              7.08130997,
              43.56781002
            ],
            [
              7.08157003,
              43.56792998
            ],
            [
              7.08189001,
              43.56808001
            ],
            [
              7.08373003,
              43.56600998
            ],
            [
              7.08436999,
              43.56632
            ],
            [
              7.08439002,
              43.56651
            ],
            [
              7.08409996,
              43.56671002
            ],
            [
              7.08389002,
              43.56715998
            ],
            [
              7.08396997,
              43.56783
            ],
            [
              7.08421,
              43.56833001
            ],
            [
              7.08357004,
              43.56861997
            ],
            [
              7.08449001,
              43.56939002
            ],
            [
              7.08492003,
              43.56961001
            ],
            [
              7.08615997,
              43.56997
            ],
            [
              7.08724002,
              43.57006997
            ],
            [
              7.08794996,
              43.57014
            ],
            [
              7.09128998,
              43.57028
            ],
            [
              7.09200998,
              43.57031001
            ],
            [
              7.09376996,
              43.57057002
            ],
            [
              7.09544002,
              43.57082002
            ],
            [
              7.09717,
              43.57088998
            ],
            [
              7.10026002,
              43.57085998
            ],
            [
              7.10211001,
              43.57039
            ],
            [
              7.10245002,
              43.57029003
            ],
            [
              7.10456996,
              43.57012002
            ],
            [
              7.10543,
              43.56984002
            ],
            [
              7.10668998,
              43.56920003
            ],
            [
              7.10746002,
              43.56881999
            ],
            [
              7.10844996,
              43.56852
            ],
            [
              7.10912999,
              43.56831003
            ],
            [
              7.11060996,
              43.56786001
            ],
            [
              7.11113997,
              43.56770998
            ],
            [
              7.11175998,
              43.56747
            ],
            [
              7.1126,
              43.56715002
            ],
            [
              7.11326996,
              43.56671998
            ],
            [
              7.11366001,
              43.56647999
            ],
            [
              7.11467996,
              43.56527003
            ],
            [
              7.11469999,
              43.56500999
            ],
            [
              7.11431003,
              43.56481999
            ],
            [
              7.11498997,
              43.56489002
            ],
            [
              7.11529997,
              43.56442
            ],
            [
              7.11514996,
              43.56407
            ],
            [
              7.11547003,
              43.56360003
            ],
            [
              7.11579998,
              43.56309998
            ],
            [
              7.11664996,
              43.56213002
            ],
            [
              7.11711996,
              43.56154
            ],
            [
              7.11713999,
              43.56128001
            ],
            [
              7.11753004,
              43.56101
            ],
            [
              7.11776998,
              43.56067
            ],
            [
              7.11785999,
              43.56029999
            ],
            [
              7.11779999,
              43.55983
            ],
            [
              7.11879999,
              43.55973001
            ],
            [
              7.11845998,
              43.56021003
            ],
            [
              7.11835002,
              43.56060002
            ],
            [
              7.11851001,
              43.56094002
            ],
            [
              7.11850004,
              43.56131002
            ],
            [
              7.11873998,
              43.56136001
            ],
            [
              7.11914997,
              43.56126003
            ],
            [
              7.11935003,
              43.56110998
            ],
            [
              7.11960003,
              43.56094002
            ],
            [
              7.11983,
              43.56078997
            ],
            [
              7.12011,
              43.56065002
            ],
            [
              7.12051002,
              43.56047003
            ],
            [
              7.12127997,
              43.56013999
            ],
            [
              7.12165996,
              43.55955001
            ],
            [
              7.12179003,
              43.55916002
            ],
            [
              7.12186998,
              43.55804
            ],
            [
              7.12210004,
              43.55746999
            ],
            [
              7.12212996,
              43.55714
            ],
            [
              7.12114001,
              43.55566001
            ],
            [
              7.12120999,
              43.55539003
            ],
            [
              7.12182004,
              43.55503998
            ],
            [
              7.12236001,
              43.55463999
            ],
            [
              7.12229004,
              43.55412997
            ],
            [
              7.12207004,
              43.55365999
            ],
            [
              7.12190996,
              43.55304001
            ],
            [
              7.12204003,
              43.55301
            ],
            [
              7.12214002,
              43.55269997
            ],
            [
              7.12196997,
              43.55232002
            ],
            [
              7.12123002,
              43.55204
            ],
            [
              7.12114001,
              43.55155002
            ],
            [
              7.12095002,
              43.55128002
            ],
            [
              7.12042001,
              43.55111999
            ],
            [
              7.12005,
              43.55118002
            ],
            [
              7.11986,
              43.55160998
            ],
            [
              7.11967998,
              43.55135997
            ],
            [
              7.11930996,
              43.55128998
            ],
            [
              7.11891003,
              43.551
            ],
            [
              7.11879999,
              43.55076998
            ],
            [
              7.11770997,
              43.54934998
            ],
            [
              7.11716003,
              43.54909001
            ],
            [
              7.11708996,
              43.54897997
            ],
            [
              7.11698998,
              43.54883003
            ],
            [
              7.11717997,
              43.54844003
            ],
            [
              7.11732999,
              43.54837999
            ],
            [
              7.11801998,
              43.54810002
            ],
            [
              7.11850004,
              43.54773001
            ],
            [
              7.11867,
              43.54757999
            ],
            [
              7.11989001,
              43.54612997
            ],
            [
              7.1203,
              43.54562998
            ],
            [
              7.12020999,
              43.54533
            ],
            [
              7.11933,
              43.54503999
            ],
            [
              7.11924996,
              43.5449
            ],
            [
              7.11951999,
              43.54448002
            ],
            [
              7.11930996,
              43.54384002
            ],
            [
              7.11970998,
              43.54344002
            ],
            [
              7.11941004,
              43.54309999
            ],
            [
              7.11951999,
              43.54283998
            ],
            [
              7.11973999,
              43.54269999
            ],
            [
              7.11995001,
              43.54276002
            ],
            [
              7.12021996,
              43.54285001
            ],
            [
              7.12063004,
              43.54262999
            ],
            [
              7.12111001,
              43.54208998
            ],
            [
              7.12174997,
              43.54217997
            ],
            [
              7.12210004,
              43.54189997
            ],
            [
              7.12232004,
              43.54201998
            ],
            [
              7.12232004,
              43.54248003
            ],
            [
              7.12246997,
              43.54292001
            ],
            [
              7.12292002,
              43.54311998
            ],
            [
              7.12296997,
              43.54316999
            ],
            [
              7.12230998,
              43.54353997
            ],
            [
              7.12195999,
              43.54351998
            ],
            [
              7.12149,
              43.54401003
            ],
            [
              7.12092999,
              43.54431997
            ],
            [
              7.12095002,
              43.54469001
            ],
            [
              7.12118996,
              43.54522003
            ],
            [
              7.12155,
              43.54526997
            ],
            [
              7.12205001,
              43.54584003
            ],
            [
              7.12270003,
              43.54619
            ],
            [
              7.12453996,
              43.54634998
            ],
            [
              7.12502999,
              43.54617998
            ],
            [
              7.12562,
              43.54622002
            ],
            [
              7.12605002,
              43.54651003
            ],
            [
              7.12655003,
              43.54663003
            ],
            [
              7.12816996,
              43.54663003
            ],
            [
              7.12874003,
              43.54645
            ],
            [
              7.12944997,
              43.54648001
            ],
            [
              7.12953001,
              43.54610002
            ],
            [
              7.12916996,
              43.54541999
            ],
            [
              7.1295,
              43.54460002
            ],
            [
              7.12940999,
              43.54427999
            ],
            [
              7.12933004,
              43.54401999
            ],
            [
              7.12993003,
              43.54384002
            ],
            [
              7.13024004,
              43.544
            ],
            [
              7.13109002,
              43.54441002
            ],
            [
              7.13162003,
              43.54450001
            ],
            [
              7.13218004,
              43.54438997
            ],
            [
              7.13272001,
              43.54412001
            ],
            [
              7.13501,
              43.54476001
            ],
            [
              7.13572003,
              43.54488001
            ],
            [
              7.13635002,
              43.54484999
            ],
            [
              7.13644003,
              43.54507001
            ],
            [
              7.13683996,
              43.54516
            ],
            [
              7.13716003,
              43.54553999
            ],
            [
              7.13767,
              43.54574002
            ],
            [
              7.13813003,
              43.54572003
            ],
            [
              7.13830996,
              43.54591999
            ],
            [
              7.13808996,
              43.54598002
            ],
            [
              7.13791003,
              43.54603999
            ],
            [
              7.13788003,
              43.54622002
            ],
            [
              7.13810002,
              43.54641998
            ],
            [
              7.13851999,
              43.54730998
            ],
            [
              7.13791003,
              43.54800998
            ],
            [
              7.13745998,
              43.54820003
            ],
            [
              7.13748001,
              43.54848
            ],
            [
              7.13748001,
              43.54858997
            ],
            [
              7.13791003,
              43.54890998
            ],
            [
              7.13861997,
              43.54907002
            ],
            [
              7.13891004,
              43.54938
            ],
            [
              7.13939001,
              43.54949999
            ],
            [
              7.14061998,
              43.54958997
            ],
            [
              7.14086001,
              43.54993999
            ],
            [
              7.14132004,
              43.55022998
            ],
            [
              7.14136998,
              43.55059998
            ],
            [
              7.14160004,
              43.55105
            ],
            [
              7.14199997,
              43.55142
            ],
            [
              7.14299998,
              43.55177997
            ],
            [
              7.14358002,
              43.55177001
            ],
            [
              7.14414003,
              43.55187997
            ],
            [
              7.14477002,
              43.55182001
            ],
            [
              7.14499998,
              43.55215003
            ],
            [
              7.14456996,
              43.55264001
            ],
            [
              7.14437997,
              43.55301
            ],
            [
              7.14395003,
              43.55314997
            ],
            [
              7.14287996,
              43.55349997
            ],
            [
              7.14287996,
              43.55392002
            ],
            [
              7.14289002,
              43.55425998
            ],
            [
              7.14340997,
              43.55455998
            ],
            [
              7.14337996,
              43.55472
            ],
            [
              7.14207004,
              43.55478998
            ],
            [
              7.14185004,
              43.55485997
            ],
            [
              7.14136001,
              43.55501003
            ],
            [
              7.14091004,
              43.55506999
            ],
            [
              7.14055997,
              43.55511003
            ],
            [
              7.14024996,
              43.55551001
            ],
            [
              7.14067002,
              43.55559998
            ],
            [
              7.14105,
              43.55589001
            ],
            [
              7.14092999,
              43.55602002
            ],
            [
              7.14017998,
              43.55582003
            ],
            [
              7.13948999,
              43.55541002
            ],
            [
              7.13929999,
              43.55529999
            ],
            [
              7.13898001,
              43.55511003
            ],
            [
              7.13823998,
              43.55487
            ],
            [
              7.13808996,
              43.55463003
            ],
            [
              7.13751001,
              43.55435998
            ],
            [
              7.13716003,
              43.55420002
            ],
            [
              7.13700004,
              43.55425998
            ],
            [
              7.13651998,
              43.55445002
            ],
            [
              7.13585001,
              43.55453003
            ],
            [
              7.13551,
              43.55511003
            ],
            [
              7.13513001,
              43.55505
            ],
            [
              7.13473997,
              43.55561997
            ],
            [
              7.13463998,
              43.55577003
            ],
            [
              7.13523,
              43.55605003
            ],
            [
              7.13535001,
              43.55635997
            ],
            [
              7.13526,
              43.55753997
            ],
            [
              7.13526997,
              43.55812001
            ],
            [
              7.13597003,
              43.55861
            ],
            [
              7.13613999,
              43.55885998
            ],
            [
              7.13641002,
              43.55971998
            ],
            [
              7.13688999,
              43.56020001
            ],
            [
              7.13722004,
              43.56068999
            ],
            [
              7.13813003,
              43.56142999
            ],
            [
              7.13839,
              43.56197998
            ],
            [
              7.13883997,
              43.56228
            ],
            [
              7.13908,
              43.56280999
            ],
            [
              7.13905996,
              43.56298998
            ],
            [
              7.13898001,
              43.56349998
            ],
            [
              7.13867998,
              43.56386997
            ],
            [
              7.13861997,
              43.56413997
            ],
            [
              7.13886,
              43.56438003
            ],
            [
              7.13923999,
              43.56440001
            ],
            [
              7.13952996,
              43.56481999
            ],
            [
              7.13938003,
              43.56497002
            ],
            [
              7.13892998,
              43.56500999
            ],
            [
              7.13864,
              43.56494997
            ],
            [
              7.13841003,
              43.56529001
            ],
            [
              7.13777996,
              43.5658
            ],
            [
              7.13807002,
              43.56635001
            ],
            [
              7.13792997,
              43.56704998
            ],
            [
              7.13801998,
              43.56726002
            ],
            [
              7.13850004,
              43.56758
            ],
            [
              7.13874996,
              43.56792998
            ],
            [
              7.13930997,
              43.56838
            ],
            [
              7.13979003,
              43.56852
            ],
            [
              7.14005,
              43.56867003
            ],
            [
              7.14029003,
              43.56881003
            ],
            [
              7.14042999,
              43.56888
            ],
            [
              7.14048999,
              43.56909999
            ],
            [
              7.14057003,
              43.56936997
            ],
            [
              7.14005997,
              43.57006001
            ],
            [
              7.13976999,
              43.57018003
            ],
            [
              7.13836997,
              43.57011
            ],
            [
              7.13805996,
              43.56997
            ],
            [
              7.13695,
              43.57001999
            ],
            [
              7.13632998,
              43.57029003
            ],
            [
              7.13607001,
              43.57009002
            ],
            [
              7.13501,
              43.56992997
            ],
            [
              7.13484004,
              43.56989997
            ],
            [
              7.13416001,
              43.57009002
            ],
            [
              7.13372999,
              43.57032999
            ],
            [
              7.13294998,
              43.57026998
            ],
            [
              7.13206999,
              43.56981002
            ],
            [
              7.13197998,
              43.56951999
            ],
            [
              7.13174004,
              43.56928998
            ],
            [
              7.13154996,
              43.56914998
            ],
            [
              7.13078001,
              43.56919001
            ],
            [
              7.13044997,
              43.56948999
            ],
            [
              7.12943002,
              43.57
            ],
            [
              7.12838996,
              43.57076001
            ],
            [
              7.12803,
              43.57128999
            ],
            [
              7.12765998,
              43.57223
            ],
            [
              7.12743999,
              43.57281002
            ],
            [
              7.12718001,
              43.57290003
            ],
            [
              7.12702002,
              43.57289001
            ],
            [
              7.12678997,
              43.57287999
            ],
            [
              7.12631,
              43.57287003
            ],
            [
              7.12614003,
              43.57295997
            ],
            [
              7.12573004,
              43.57315997
            ],
            [
              7.12524001,
              43.57381997
            ],
            [
              7.1249,
              43.57474002
            ],
            [
              7.12534,
              43.57454999
            ],
            [
              7.12559997,
              43.57457999
            ],
            [
              7.12570004,
              43.57485001
            ],
            [
              7.12574002,
              43.57492999
            ],
            [
              7.12548004,
              43.57500998
            ],
            [
              7.12498004,
              43.57496
            ],
            [
              7.12453996,
              43.57531
            ],
            [
              7.12461002,
              43.57564002
            ],
            [
              7.12489003,
              43.57585003
            ],
            [
              7.12571998,
              43.57593997
            ],
            [
              7.12603996,
              43.57611998
            ],
            [
              7.12618001,
              43.57723998
            ],
            [
              7.12677999,
              43.57838997
            ],
            [
              7.12674999,
              43.57875999
            ],
            [
              7.12703,
              43.57919997
            ],
            [
              7.12742004,
              43.57952997
            ],
            [
              7.12780003,
              43.57954
            ],
            [
              7.12828,
              43.57988001
            ],
            [
              7.12828,
              43.58028999
            ],
            [
              7.12878998,
              43.58067998
            ],
            [
              7.12918999,
              43.58128998
            ],
            [
              7.12918002,
              43.58146998
            ],
            [
              7.12903998,
              43.58194
            ],
            [
              7.12880004,
              43.58235998
            ],
            [
              7.12902003,
              43.58275998
            ],
            [
              7.12958004,
              43.58293001
            ],
            [
              7.13013996,
              43.58278002
            ],
            [
              7.13007996,
              43.58345
            ],
            [
              7.12962999,
              43.58405002
            ],
            [
              7.13053998,
              43.58467001
            ],
            [
              7.13074004,
              43.58499002
            ],
            [
              7.13013996,
              43.58540003
            ],
            [
              7.1321,
              43.5871667
            ],
            [
              7.13229996,
              43.58436672
            ],
            [
              7.13146669,
              43.58294999
            ],
            [
              7.13121668,
              43.58076672
            ],
            [
              7.12781674,
              43.57550003
            ],
            [
              7.13361671,
              43.5744167
            ],
            [
              7.13748333,
              43.57193329
            ],
            [
              7.14401669,
              43.57430001
            ],
            [
              7.14249997,
              43.5705833
            ],
            [
              7.14378331,
              43.5691667
            ],
            [
              7.14715001,
              43.57201672
            ],
            [
              7.14894997,
              43.5734
            ],
            [
              7.14901671,
              43.57223332
            ],
            [
              7.1454,
              43.5696667
            ],
            [
              7.14436667,
              43.56805
            ],
            [
              7.14053329,
              43.56005002
            ],
            [
              7.14690001,
              43.55544999
            ],
            [
              7.14631674,
              43.55191669
            ],
            [
              7.13708331,
              43.5405667
            ],
            [
              7.12574999,
              43.5425667
            ],
            [
              7.12724999,
              43.53871668
            ],
            [
              7.12176668,
              43.53761667
            ],
            [
              7.12036674,
              43.5398
            ],
            [
              7.11598332,
              43.54124998
            ],
            [
              7.11626503,
              43.54236503
            ],
            [
              7.11606498,
              43.54446498
            ]
          ]
        ]
      },
      "geometry_name": "geometry",
      "properties": {
        "inspireid": "FR000050749500003",
        "catach": null,
        "restrn": "2",
        "perend": null,
        "persta": null,
        "status": null,
        "objnam": null,
        "nobjnm": null,
        "inform": "Anchoring and stopping prohibited for vessels of an overall length greater than or equal to 24 m (see French sailing directions).",
        "ninfom": "Mouillage et arrêt interdits aux navires de longueur hors tout supérieure ou égale à 24 m (voir Instructions Nautiques)."
      }
    },
    {
      "type": "Feature",
      "id": "achare_polygon.271",
      "geometry": {
        "type": "Polygon",
        "coordinates": [
          [
            [
              6.9166,
              43.44850001
            ],
            [
              6.91800002,
              43.4488
            ],
            [
              6.92000003,
              43.44859998
            ],
            [
              6.92129999,
              43.44980003
            ],
            [
              6.92129999,
              43.45019999
            ],
            [
              6.9212,
              43.45049998
            ],
            [
              6.92139997,
              43.45099998
            ],
            [
              6.92210002,
              43.4512
            ],
            [
              6.92389998,
              43.45079997
            ],
            [
              6.92470002,
              43.45169999
            ],
            [
              6.92239997,
              43.45289997
            ],
            [
              6.92210002,
              43.45320001
            ],
            [
              6.92220001,
              43.45369999
            ],
            [
              6.92410003,
              43.45710002
            ],
            [
              6.92189997,
              43.4575
            ],
            [
              6.92189997,
              43.45859998
            ],
            [
              6.92360003,
              43.45889999
            ],
            [
              6.92339998,
              43.45989998
            ],
            [
              6.92420002,
              43.4614
            ],
            [
              6.92339998,
              43.46240001
            ],
            [
              6.92489998,
              43.46320003
            ],
            [
              6.9253,
              43.46369999
            ],
            [
              6.92539999,
              43.46690002
            ],
            [
              6.92639999,
              43.46829998
            ],
            [
              6.9248,
              43.46959997
            ],
            [
              6.92470002,
              43.471
            ],
            [
              6.92599997,
              43.47209999
            ],
            [
              6.9248,
              43.47340003
            ],
            [
              6.9284,
              43.47499997
            ],
            [
              6.93040001,
              43.47479997
            ],
            [
              6.93159998,
              43.47570002
            ],
            [
              6.93090001,
              43.47679999
            ],
            [
              6.93099999,
              43.47760002
            ],
            [
              6.93350001,
              43.47750003
            ],
            [
              6.93440003,
              43.47850003
            ],
            [
              6.93309999,
              43.47919998
            ],
            [
              6.93280004,
              43.47950002
            ],
            [
              6.93259998,
              43.48059999
            ],
            [
              6.93390003,
              43.48059999
            ],
            [
              6.93419997,
              43.48100001
            ],
            [
              6.93080003,
              43.48229998
            ],
            [
              6.93080003,
              43.48329998
            ],
            [
              6.93219996,
              43.48449998
            ],
            [
              6.93340002,
              43.4848
            ],
            [
              6.93419997,
              43.48489998
            ],
            [
              6.93550001,
              43.4848
            ],
            [
              6.93619998,
              43.48449998
            ],
            [
              6.93679997,
              43.48459997
            ],
            [
              6.93779997,
              43.48500003
            ],
            [
              6.94389998,
              43.48510001
            ],
            [
              6.94620003,
              43.48300002
            ],
            [
              6.94820004,
              43.48500003
            ],
            [
              6.9489,
              43.48510001
            ],
            [
              6.94959997,
              43.48540002
            ],
            [
              6.94970004,
              43.48610002
            ],
            [
              6.94940001,
              43.4872
            ],
            [
              6.94830002,
              43.48899998
            ],
            [
              6.94759996,
              43.49140001
            ],
            [
              6.94870004,
              43.49160002
            ],
            [
              6.94959997,
              43.49219997
            ],
            [
              6.94980003,
              43.49270002
            ],
            [
              6.94990001,
              43.49469997
            ],
            [
              6.95030003,
              43.49530003
            ],
            [
              6.95140002,
              43.49660002
            ],
            [
              6.95240002,
              43.49719999
            ],
            [
              6.95409999,
              43.49750001
            ],
            [
              6.95550002,
              43.49710003
            ],
            [
              6.95690004,
              43.49780002
            ],
            [
              6.9566,
              43.49839999
            ],
            [
              6.9556,
              43.49939997
            ],
            [
              6.95550002,
              43.49990002
            ],
            [
              6.95590004,
              43.50040001
            ],
            [
              6.95700002,
              43.50089999
            ],
            [
              6.95700002,
              43.50179998
            ],
            [
              6.95550002,
              43.50310003
            ],
            [
              6.9551,
              43.5054
            ],
            [
              6.95459999,
              43.50619997
            ],
            [
              6.95415048,
              43.50636052
            ],
            [
              6.95455553,
              43.50636377
            ],
            [
              6.95581667,
              43.50718328
            ],
            [
              6.95918329,
              43.5044667
            ],
            [
              6.96028328,
              43.49671673
            ],
            [
              6.95308328,
              43.49411672
            ],
            [
              6.95226671,
              43.48995001
            ],
            [
              6.95526672,
              43.4825667
            ],
            [
              6.94934997,
              43.47729997
            ],
            [
              6.93866667,
              43.47971669
            ],
            [
              6.93791666,
              43.4778167
            ],
            [
              6.93146667,
              43.47105001
            ],
            [
              6.93284998,
              43.46278333
            ],
            [
              6.92858326,
              43.44333329
            ],
            [
              6.91666674,
              43.44353059
            ],
            [
              6.91348329,
              43.44358329
            ],
            [
              6.90389998,
              43.43659999
            ],
            [
              6.90706672,
              43.41736671
            ],
            [
              6.86771674,
              43.42254999
            ],
            [
              6.86596673,
              43.42549997
            ],
            [
              6.86541669,
              43.42528331
            ],
            [
              6.86738328,
              43.42265001
            ],
            [
              6.86774997,
              43.42080003
            ],
            [
              6.85641674,
              43.4071833
            ],
            [
              6.84098332,
              43.40776667
            ],
            [
              6.83715003,
              43.41245
            ],
            [
              6.81921669,
              43.40990001
            ],
            [
              6.80699997,
              43.40405001
            ],
            [
              6.78040004,
              43.40483331
            ],
            [
              6.77775001,
              43.40806667
            ],
            [
              6.77481674,
              43.40486673
            ],
            [
              6.77149998,
              43.40701669
            ],
            [
              6.77490002,
              43.41068331
            ],
            [
              6.76356669,
              43.41996669
            ],
            [
              6.76333331,
              43.42254999
            ],
            [
              6.76165544,
              43.42460002
            ],
            [
              6.76529999,
              43.42460002
            ],
            [
              6.7668,
              43.42439999
            ],
            [
              6.76689998,
              43.42280001
            ],
            [
              6.76579999,
              43.42229997
            ],
            [
              6.7663,
              43.42199997
            ],
            [
              6.7673,
              43.42169997
            ],
            [
              6.76870002,
              43.4215
            ],
            [
              6.76970003,
              43.42109997
            ],
            [
              6.7704,
              43.42050002
            ],
            [
              6.77080002,
              43.41940001
            ],
            [
              6.7714,
              43.41899997
            ],
            [
              6.77270004,
              43.41879998
            ],
            [
              6.7796,
              43.41520002
            ],
            [
              6.78229998,
              43.41339999
            ],
            [
              6.78350004,
              43.41339999
            ],
            [
              6.78500004,
              43.40949997
            ],
            [
              6.78529999,
              43.40949997
            ],
            [
              6.78649996,
              43.40960002
            ],
            [
              6.7878,
              43.40960002
            ],
            [
              6.78899997,
              43.40889998
            ],
            [
              6.7904,
              43.40870002
            ],
            [
              6.79199999,
              43.40969999
            ],
            [
              6.79280003,
              43.40979997
            ],
            [
              6.79319996,
              43.41059997
            ],
            [
              6.79340001,
              43.41079999
            ],
            [
              6.794,
              43.41070001
            ],
            [
              6.79490002,
              43.4102
            ],
            [
              6.79559999,
              43.41129999
            ],
            [
              6.795,
              43.41240002
            ],
            [
              6.79519997,
              43.41290001
            ],
            [
              6.79659999,
              43.41369997
            ],
            [
              6.79879996,
              43.41440002
            ],
            [
              6.79969999,
              43.41440002
            ],
            [
              6.80000002,
              43.41409998
            ],
            [
              6.80019999,
              43.41350003
            ],
            [
              6.80050003,
              43.41339999
            ],
            [
              6.8032,
              43.4136
            ],
            [
              6.80539998,
              43.41469999
            ],
            [
              6.80789999,
              43.41460002
            ],
            [
              6.80830001,
              43.41440002
            ],
            [
              6.80880001,
              43.4136
            ],
            [
              6.81170004,
              43.41369997
            ],
            [
              6.81640003,
              43.41600002
            ],
            [
              6.8186,
              43.41580002
            ],
            [
              6.82119999,
              43.41629998
            ],
            [
              6.82210002,
              43.41589999
            ],
            [
              6.82260002,
              43.41600002
            ],
            [
              6.82339997,
              43.41739998
            ],
            [
              6.82420001,
              43.41770001
            ],
            [
              6.82549996,
              43.41779997
            ],
            [
              6.8263,
              43.41750001
            ],
            [
              6.82699997,
              43.41750001
            ],
            [
              6.82810004,
              43.41809999
            ],
            [
              6.82909996,
              43.41840001
            ],
            [
              6.83049998,
              43.41840001
            ],
            [
              6.83199999,
              43.41809999
            ],
            [
              6.83359998,
              43.41750001
            ],
            [
              6.83430004,
              43.41629998
            ],
            [
              6.83650001,
              43.41649998
            ],
            [
              6.83829997,
              43.41719999
            ],
            [
              6.84160002,
              43.41710003
            ],
            [
              6.84620002,
              43.41629998
            ],
            [
              6.84899998,
              43.41480002
            ],
            [
              6.84909996,
              43.41350003
            ],
            [
              6.85219996,
              43.41220001
            ],
            [
              6.85259998,
              43.41129999
            ],
            [
              6.85390002,
              43.41120001
            ],
            [
              6.8545,
              43.41279997
            ],
            [
              6.85500001,
              43.41279997
            ],
            [
              6.85550001,
              43.41179999
            ],
            [
              6.85679996,
              43.41179999
            ],
            [
              6.8571,
              43.41279997
            ],
            [
              6.85740003,
              43.41339999
            ],
            [
              6.85729996,
              43.41449998
            ],
            [
              6.85750002,
              43.41489999
            ],
            [
              6.85800002,
              43.41520002
            ],
            [
              6.85879997,
              43.41520002
            ],
            [
              6.86100003,
              43.41640001
            ],
            [
              6.86129998,
              43.4168
            ],
            [
              6.86100003,
              43.41730002
            ],
            [
              6.86050003,
              43.41779997
            ],
            [
              6.86029998,
              43.41879998
            ],
            [
              6.86029998,
              43.41940001
            ],
            [
              6.85979997,
              43.41970002
            ],
            [
              6.85919999,
              43.41990001
            ],
            [
              6.85919999,
              43.42080003
            ],
            [
              6.86079998,
              43.42100001
            ],
            [
              6.86110002,
              43.42119999
            ],
            [
              6.86110002,
              43.4218
            ],
            [
              6.86050003,
              43.42199997
            ],
            [
              6.85989996,
              43.42239999
            ],
            [
              6.85929997,
              43.4234
            ],
            [
              6.85919999,
              43.4241
            ],
            [
              6.85800002,
              43.42479999
            ],
            [
              6.85790004,
              43.42549997
            ],
            [
              6.85840004,
              43.42589997
            ],
            [
              6.85919999,
              43.42620001
            ],
            [
              6.85950003,
              43.42679997
            ],
            [
              6.85950003,
              43.42770002
            ],
            [
              6.86019999,
              43.42849998
            ],
            [
              6.86029998,
              43.42900003
            ],
            [
              6.86019999,
              43.4293
            ],
            [
              6.85900002,
              43.42989998
            ],
            [
              6.85869999,
              43.43069998
            ],
            [
              6.85919999,
              43.43230001
            ],
            [
              6.86000003,
              43.43329998
            ],
            [
              6.86089996,
              43.43379999
            ],
            [
              6.86360003,
              43.4346
            ],
            [
              6.86549996,
              43.4345
            ],
            [
              6.86710004,
              43.4342
            ],
            [
              6.86820003,
              43.43349999
            ],
            [
              6.8689,
              43.43280003
            ],
            [
              6.8694,
              43.43179999
            ],
            [
              6.86959996,
              43.43050003
            ],
            [
              6.8699,
              43.43030002
            ],
            [
              6.87169996,
              43.42960002
            ],
            [
              6.87209998,
              43.42919999
            ],
            [
              6.87230003,
              43.42859999
            ],
            [
              6.87209998,
              43.42789998
            ],
            [
              6.87140001,
              43.42739998
            ],
            [
              6.87090001,
              43.42679997
            ],
            [
              6.87059997,
              43.42630003
            ],
            [
              6.87070004,
              43.42589997
            ],
            [
              6.87120004,
              43.42580002
            ],
            [
              6.87180003,
              43.42589997
            ],
            [
              6.87259998,
              43.42570001
            ],
            [
              6.87359998,
              43.42580002
            ],
            [
              6.87440002,
              43.4261
            ],
            [
              6.87519997,
              43.42720002
            ],
            [
              6.87550001,
              43.42739998
            ],
            [
              6.87629996,
              43.42729997
            ],
            [
              6.87679996,
              43.42689998
            ],
            [
              6.87850002,
              43.42689998
            ],
            [
              6.88010001,
              43.42710001
            ],
            [
              6.88029998,
              43.42739998
            ],
            [
              6.88060001,
              43.42820001
            ],
            [
              6.88100003,
              43.42839997
            ],
            [
              6.8817,
              43.42839997
            ],
            [
              6.88229999,
              43.4281
            ],
            [
              6.88270001,
              43.42760001
            ],
            [
              6.88300004,
              43.42760001
            ],
            [
              6.88379999,
              43.42830002
            ],
            [
              6.88420001,
              43.42839997
            ],
            [
              6.8848,
              43.42839997
            ],
            [
              6.88570002,
              43.42799999
            ],
            [
              6.88639999,
              43.42799999
            ],
            [
              6.88710004,
              43.4281
            ],
            [
              6.88820003,
              43.4287
            ],
            [
              6.8925,
              43.42890002
            ],
            [
              6.893,
              43.42900003
            ],
            [
              6.8971,
              43.4343
            ],
            [
              6.8971,
              43.4347
            ],
            [
              6.89679996,
              43.43500001
            ],
            [
              6.89490003,
              43.4355
            ],
            [
              6.89430004,
              43.43619999
            ],
            [
              6.894,
              43.43709997
            ],
            [
              6.89430004,
              43.43780001
            ],
            [
              6.89500001,
              43.43809999
            ],
            [
              6.89690004,
              43.4379
            ],
            [
              6.89729997,
              43.438
            ],
            [
              6.89790004,
              43.43880002
            ],
            [
              6.89869999,
              43.43960003
            ],
            [
              6.90029998,
              43.4399
            ],
            [
              6.90089996,
              43.44050002
            ],
            [
              6.90089996,
              43.4414
            ],
            [
              6.90079998,
              43.44199999
            ],
            [
              6.90089996,
              43.44240001
            ],
            [
              6.90289997,
              43.44359998
            ],
            [
              6.90589999,
              43.44409998
            ],
            [
              6.90610004,
              43.44569998
            ],
            [
              6.90870004,
              43.4463
            ],
            [
              6.90970004,
              43.44550001
            ],
            [
              6.91049999,
              43.44559999
            ],
            [
              6.91070004,
              43.44699999
            ],
            [
              6.91209998,
              43.44739998
            ],
            [
              6.91340002,
              43.44739998
            ],
            [
              6.91409999,
              43.44750002
            ],
            [
              6.9166,
              43.44850001
            ]
          ]
        ]
      },
      "geometry_name": "geometry",
      "properties": {
        "inspireid": "FR000050750700003",
        "catach": null,
        "restrn": "2",
        "perend": null,
        "persta": null,
        "status": null,
        "objnam": null,
        "nobjnm": null,
        "inform": "Anchoring and stopping prohibited for vessels of an overall length greater than or equal to 24 m (see French sailing directions).",
        "ninfom": "Mouillage et arrêt interdits aux navires de longueur hors tout supérieure ou égale à 24 m (voir Instructions Nautiques)."
      }
    },
    {
      "type": "Feature",
      "id": "achare_polygon.1184",
      "geometry": {
        "type": "Polygon",
        "coordinates": [
          [
            [
              7.12001218,
              43.55217913
            ],
            [
              7.1211534,
              43.55208609
            ],
            [
              7.12108,
              43.55192001
            ],
            [
              7.12110004,
              43.55172001
            ],
            [
              7.12098002,
              43.55130997
            ],
            [
              7.12088004,
              43.55125001
            ],
            [
              7.12045999,
              43.55111003
            ],
            [
              7.12014998,
              43.55111999
            ],
            [
              7.11996996,
              43.55118998
            ],
            [
              7.11979002,
              43.55138002
            ],
            [
              7.11985003,
              43.55165998
            ],
            [
              7.12001218,
              43.55217913
            ]
          ]
        ]
      },
      "geometry_name": "geometry",
      "properties": {
        "inspireid": "FR000014613600001",
        "catach": "8",
        "restrn": "1",
        "perend": null,
        "persta": null,
        "status": null,
        "objnam": null,
        "nobjnm": null,
        "inform": null,
        "ninfom": null
      }
    },
    {
      "type": "Feature",
      "id": "achare_polygon.1185",
      "geometry": {
        "type": "Polygon",
        "coordinates": [
          [
            [
              7.03831498,
              43.52373501
            ],
            [
              7.037465,
              43.52564998
            ],
            [
              7.03936502,
              43.52658503
            ],
            [
              7.04098496,
              43.52538501
            ],
            [
              7.04088497,
              43.52481502
            ],
            [
              7.03831498,
              43.52373501
            ]
          ]
        ]
      },
      "geometry_name": "geometry",
      "properties": {
        "inspireid": "FR000047086000003",
        "catach": "8",
        "restrn": "27,3,11",
        "perend": "--0930",
        "persta": "--0501",
        "status": "5",
        "objnam": null,
        "nobjnm": null,
        "inform": null,
        "ninfom": null
      }
    }
  ],
  "totalFeatures": 13,
  "numberMatched": 13,
  "numberReturned": 13,
  "timeStamp": "2026-08-31T05:39:55.441Z",
  "crs": {
    "type": "name",
    "properties": {
      "name": "urn:ogc:def:crs:EPSG::4326"
    }
  },
  "marine_meta": {
    "source": "Shom",
    "type_name": "REGLEMENTATION_NAVIGATION_BDD_WFS:achare_polygon",
    "generated_at": "2026-08-31T05:39:55+00:00",
    "license": "Licence Ouverte 2.0"
  }
}